transaction_id,date,price,profit,area,floor,elevator,bathrooms,bedrooms,finishing,place,campaign,customer id,salesman_id
1001,01/01/2021,1410000,31000,182,4,Yes,3,3,semi-finished,Zayed,Y,1321,103
1002,01/01/2021,1120000,17000,266,3,No,4,4,semi-finished,Hadayek El-Ahram,Y,1403,102
1003,02/01/2021,1510000,36000,222,3,Yes,3,3,semi-finished,October,X,1843,103
1004,03/01/2021,1220000,18000,145,3,No,2,3,semi-finished,Zayed,X,1261,102
1005,04/01/2021,1390000,26000,173,1,No,3,3,finished,Zayed,Y,1598,103
1006,04/01/2021,1270000,22000,271,2,Yes,4,3,finished,Hadayek El-Ahram,X,1944,102
1007,07/01/2021,1780000,25000,273,4,Yes,4,3,finished,October,Y,1361,101
1008,08/01/2021,1630000,20000,254,2,No,4,3,finished,October,Y,1099,101
1009,08/01/2021,1820000,36000,265,3,Yes,4,3,finished,October,X,1930,102
1010,09/01/2021,1320000,20000,172,5,No,2,3,semi-finished,Zayed,Y,1675,102
1011,09/01/2021,1770000,25000,231,1,Yes,4,4,semi-finished,Zayed,Y,1874,102
1012,09/01/2021,1970000,41000,230,3,No,4,4,finished,Zayed,X,1883,103
1013,13/01/2021,1370000,19000,169,1,No,2,3,semi-finished,Zayed,X,1790,101
1014,13/01/2021,2100000,38000,247,4,Yes,4,3,finished,Zayed,X,1827,102
1015,14/01/2021,2020000,46000,232,3,Yes,3,3,finished,Zayed,X,1266,103
1016,15/01/2021,830000,9000,185,5,No,3,4,finished,Hadayek El-Ahram,Y,1904,101
1017,16/01/2021,1140000,14000,160,1,Yes,3,2,semi-finished,October,X,1852,101
1018,20/01/2021,1960000,29000,247,1,No,3,4,semi-finished,Zayed,Y,1861,101
1019,21/01/2021,1340000,16000,158,2,No,3,2,finished,Zayed,X,1001,101
1020,21/01/2021,1490000,15000,214,1,No,3,4,finished,October,X,1105,101
1021,21/01/2021,1030000,22000,255,4,No,3,3,semi-finished,Hadayek El-Ahram,Y,1996,102
1022,22/01/2021,1490000,28000,249,3,No,4,4,unfinished,October,Y,1759,102
1023,23/01/2021,1460000,22000,181,1,No,3,3,finished,Zayed,Y,1988,101
1024,26/01/2021,1120000,24000,173,6,No,3,3,unfinished,October,X,1577,103
1025,26/01/2021,900000,10000,229,3,Yes,3,4,unfinished,Hadayek El-Ahram,Y,1686,101
1026,27/01/2021,1700000,27000,212,6,No,3,4,unfinished,Zayed,X,1585,101
1027,27/01/2021,1090000,13000,138,4,No,1,3,unfinished,Zayed,X,1808,101
1028,29/01/2021,790000,14000,188,1,Yes,3,3,unfinished,Hadayek El-Ahram,Y,1019,103
1029,29/01/2021,1120000,13000,172,5,No,3,3,finished,October,Y,1103,101
1030,29/01/2021,1770000,28000,205,3,No,4,4,finished,Zayed,X,1940,102
1031,31/01/2021,1950000,33000,226,3,Yes,4,4,finished,Zayed,X,1033,102
1032,31/01/2021,2050000,33000,240,4,No,4,3,finished,Zayed,X,1135,102
1033,31/01/2021,870000,17000,192,5,Yes,3,3,finished,Hadayek El-Ahram,Y,1532,102
1034,01/02/2021,1670000,23000,204,5,Yes,3,3,unfinished,Zayed,X,1511,101
1035,01/02/2021,770000,12000,176,2,Yes,3,4,semi-finished,Hadayek El-Ahram,Y,1709,102
1036,02/02/2021,760000,17000,167,2,No,2,4,unfinished,Hadayek El-Ahram,X,1130,103
1037,02/02/2021,680000,11000,148,3,No,2,3,semi-finished,Hadayek El-Ahram,X,1906,102
1038,04/02/2021,1210000,23000,197,5,No,3,3,unfinished,October,Y,1974,103
1039,05/02/2021,1920000,44000,227,5,Yes,4,3,unfinished,Zayed,X,1036,103
1040,07/02/2021,1500000,15000,213,2,Yes,3,3,finished,October,X,1783,101
1041,09/02/2021,1370000,29000,204,3,Yes,4,4,unfinished,October,X,1151,102
1042,09/02/2021,2120000,42000,261,4,Yes,4,3,unfinished,Zayed,X,1702,102
1043,10/02/2021,980000,15000,225,3,No,4,4,semi-finished,Hadayek El-Ahram,Y,1359,101
1044,10/02/2021,910000,18000,192,2,No,2,2,finished,Hadayek El-Ahram,X,1820,102
1045,11/02/2021,1110000,22000,169,2,No,2,4,semi-finished,October,X,1206,102
1046,11/02/2021,2290000,32000,263,1,Yes,3,4,finished,Zayed,X,1397,102
1047,11/02/2021,1810000,36000,258,5,Yes,4,3,finished,October,X,1937,103
1048,12/02/2021,2270000,43000,275,4,Yes,3,3,unfinished,Zayed,X,1327,102
1049,12/02/2021,840000,12000,187,2,No,3,3,finished,Hadayek El-Ahram,Y,1382,101
1050,12/02/2021,1750000,30000,271,2,No,4,3,semi-finished,October,X,1701,101
1051,14/02/2021,1890000,25000,275,1,Yes,4,3,semi-finished,October,X,1548,101
1052,14/02/2021,1640000,34000,251,1,Yes,3,4,unfinished,October,X,1844,103
1053,15/02/2021,2270000,50000,266,5,Yes,4,3,semi-finished,Zayed,X,1165,103
1054,15/02/2021,1100000,21000,257,2,No,3,4,unfinished,Hadayek El-Ahram,X,1954,102
1055,16/02/2021,1080000,13000,244,4,No,4,4,semi-finished,Hadayek El-Ahram,X,1905,101
1056,17/02/2021,1200000,30000,145,5,No,1,3,semi-finished,Zayed,Y,1775,103
1057,18/02/2021,1420000,26000,176,2,Yes,3,2,semi-finished,Zayed,Y,1062,102
1058,21/02/2021,1800000,23000,232,2,Yes,3,4,unfinished,Zayed,Y,1469,101
1059,21/02/2021,2180000,33000,271,4,No,3,3,finished,Zayed,Y,1508,101
1060,21/02/2021,1550000,22000,256,6,No,4,3,unfinished,October,Y,1648,102
1061,22/02/2021,1180000,21000,249,3,Yes,3,4,finished,Hadayek El-Ahram,Y,1638,103
1062,22/02/2021,980000,22000,207,3,Yes,4,4,finished,Hadayek El-Ahram,Y,1646,103
1063,24/02/2021,1180000,19000,168,2,No,2,2,finished,October,Y,1575,101
1064,25/02/2021,1070000,22000,247,1,Yes,3,4,unfinished,Hadayek El-Ahram,X,1414,103
1065,26/02/2021,2100000,44000,266,3,No,4,4,unfinished,Zayed,Y,1043,102
1066,26/02/2021,1900000,32000,213,2,No,4,4,finished,Zayed,X,1463,101
1067,26/02/2021,1050000,19000,150,2,Yes,2,4,unfinished,October,X,1901,102
1068,27/02/2021,2150000,32000,257,3,No,4,3,unfinished,Zayed,X,1282,101
1069,27/02/2021,820000,19000,187,2,Yes,2,4,unfinished,Hadayek El-Ahram,Y,1526,103
1070,28/02/2021,1440000,23000,169,2,Yes,2,2,semi-finished,Zayed,X,1871,102
1071,01/03/2021,1130000,16000,161,5,Yes,2,3,semi-finished,October,X,1599,102
1072,02/03/2021,1100000,18000,232,4,No,4,4,finished,Hadayek El-Ahram,Y,1167,101
1073,06/03/2021,1290000,19000,181,1,Yes,3,4,semi-finished,October,X,1042,102
1074,06/03/2021,2110000,51000,253,2,Yes,3,3,semi-finished,Zayed,Y,1507,103
1075,07/03/2021,1930000,33000,235,5,No,4,3,semi-finished,Zayed,Y,1771,101
1076,08/03/2021,1720000,29000,200,3,No,3,3,finished,Zayed,X,1071,101
1077,08/03/2021,980000,17000,194,5,Yes,2,2,finished,Hadayek El-Ahram,X,1732,102
1078,08/03/2021,800000,13000,166,5,Yes,3,2,semi-finished,Hadayek El-Ahram,X,1830,101
1079,09/03/2021,2100000,36000,262,6,No,3,4,unfinished,Zayed,Y,1634,101
1080,10/03/2021,1530000,31000,186,1,No,3,3,finished,Zayed,Y,1524,103
1081,10/03/2021,950000,20000,144,2,No,1,3,finished,October,Y,1552,103
1082,10/03/2021,980000,19000,203,3,No,3,4,finished,Hadayek El-Ahram,Y,1672,102
1083,11/03/2021,2340000,42000,275,3,No,4,4,semi-finished,Zayed,X,1302,103
1084,12/03/2021,710000,9000,153,6,No,2,3,semi-finished,Hadayek El-Ahram,X,1534,101
1085,13/03/2021,710000,14000,155,5,Yes,2,3,semi-finished,Hadayek El-Ahram,Y,1155,102
1086,14/03/2021,970000,12000,140,6,Yes,1,3,semi-finished,October,Y,1821,101
1087,14/03/2021,1210000,23000,174,4,No,2,4,semi-finished,October,X,1840,102
1088,15/03/2021,1700000,29000,264,5,Yes,3,4,unfinished,October,Y,1053,102
1089,17/03/2021,1910000,36000,238,4,Yes,4,4,unfinished,Zayed,Y,1455,103
1090,17/03/2021,610000,13000,136,1,No,1,2,unfinished,Hadayek El-Ahram,X,1737,102
1091,18/03/2021,900000,16000,216,3,No,4,4,unfinished,Hadayek El-Ahram,Y,1762,103
1092,19/03/2021,750000,14000,166,6,Yes,2,2,unfinished,Hadayek El-Ahram,X,1164,103
1093,19/03/2021,1270000,14000,194,5,Yes,2,4,unfinished,October,Y,1866,101
1094,20/03/2021,650000,8000,141,4,No,2,3,finished,Hadayek El-Ahram,Y,1767,101
1095,23/03/2021,1270000,20000,267,3,No,4,4,semi-finished,Hadayek El-Ahram,X,1332,102
1096,23/03/2021,1530000,29000,223,2,No,4,4,semi-finished,October,X,1919,102
1097,24/03/2021,1580000,22000,237,5,No,4,3,unfinished,October,X,1594,101
1098,25/03/2021,1190000,21000,270,6,No,4,4,unfinished,Hadayek El-Ahram,X,1111,103
1099,25/03/2021,1520000,30000,186,3,No,2,2,unfinished,Zayed,X,1445,103
1100,27/03/2021,1540000,26000,231,2,No,4,4,finished,October,Y,1024,102
1101,28/03/2021,1020000,21000,205,5,No,3,4,finished,Hadayek El-Ahram,Y,1316,103
1102,28/03/2021,1340000,20000,200,1,Yes,2,4,unfinished,October,X,1779,101
1103,29/03/2021,1190000,24000,175,6,No,2,3,unfinished,October,X,1264,103
1104,29/03/2021,1580000,35000,225,3,Yes,4,4,semi-finished,October,Y,1388,103
1105,30/03/2021,1640000,28000,232,1,No,3,3,semi-finished,October,X,1573,101
1106,31/03/2021,1250000,26000,171,5,Yes,3,3,finished,October,Y,1101,102
1107,31/03/2021,1800000,34000,266,4,No,3,4,unfinished,October,X,1845,103
1108,01/04/2021,940000,21000,194,2,No,3,2,finished,Hadayek El-Ahram,Y,1859,103
1109,01/04/2021,800000,15000,173,6,Yes,2,3,unfinished,Hadayek El-Ahram,X,1964,102
1110,02/04/2021,1540000,18000,236,1,Yes,3,3,unfinished,October,Y,1739,101
1111,02/04/2021,1330000,27000,186,6,No,3,4,finished,October,Y,1741,102
1112,03/04/2021,1600000,27000,238,3,Yes,4,4,unfinished,October,X,1168,101
1113,03/04/2021,1040000,16000,154,5,Yes,2,3,unfinished,October,Y,1420,101
1114,04/04/2021,1480000,19000,186,4,Yes,3,2,unfinished,Zayed,Y,1505,101
1115,05/04/2021,1610000,23000,189,3,No,3,2,finished,Zayed,Y,1040,102
1116,05/04/2021,1210000,24000,268,5,No,4,4,semi-finished,Hadayek El-Ahram,Y,1740,102
1117,06/04/2021,1120000,12000,230,6,Yes,3,4,finished,Hadayek El-Ahram,Y,1870,101
1118,07/04/2021,1380000,33000,156,3,No,2,2,finished,Zayed,X,1041,103
1119,07/04/2021,1600000,22000,231,5,Yes,3,3,semi-finished,October,Y,1317,101
1120,07/04/2021,1550000,28000,232,3,Yes,4,4,unfinished,October,Y,1417,102
1121,07/04/2021,760000,17000,164,2,No,2,3,semi-finished,Hadayek El-Ahram,X,1456,103
1122,09/04/2021,1910000,27000,220,3,Yes,4,3,semi-finished,Zayed,Y,1835,101
1123,10/04/2021,1500000,20000,218,3,Yes,4,3,unfinished,October,X,1207,101
1124,11/04/2021,2090000,29000,235,2,Yes,4,4,finished,Zayed,Y,1689,101
1125,12/04/2021,1400000,20000,161,5,No,3,2,semi-finished,Zayed,X,1831,102
1126,13/04/2021,900000,18000,213,1,No,4,3,unfinished,Hadayek El-Ahram,Y,1998,103
1127,14/04/2021,1160000,23000,240,1,No,4,4,finished,Hadayek El-Ahram,Y,1115,102
1128,16/04/2021,700000,13000,135,6,Yes,1,2,finished,Hadayek El-Ahram,Y,1389,102
1129,16/04/2021,1730000,29000,201,2,No,4,3,unfinished,Zayed,X,1537,101
1130,16/04/2021,1310000,13000,186,1,No,2,2,finished,October,Y,1932,101
1131,17/04/2021,960000,13000,206,6,No,4,3,semi-finished,Hadayek El-Ahram,X,1787,101
1132,18/04/2021,1500000,26000,162,2,No,2,3,finished,Zayed,X,1057,101
1133,18/04/2021,1960000,45000,221,6,No,3,3,semi-finished,Zayed,X,1531,103
1134,19/04/2021,1550000,26000,181,2,No,3,3,unfinished,Zayed,X,1011,102
1135,19/04/2021,1800000,20000,224,6,No,3,3,unfinished,Zayed,Y,1189,101
1136,20/04/2021,1140000,17000,140,5,No,1,3,semi-finished,Zayed,Y,1245,102
1137,20/04/2021,730000,9000,150,4,Yes,2,4,unfinished,Hadayek El-Ahram,X,1800,101
1138,21/04/2021,1200000,17000,161,3,Yes,3,2,finished,October,X,1192,102
1139,21/04/2021,1150000,23000,176,5,Yes,3,3,unfinished,October,Y,1407,102
1140,21/04/2021,1500000,36000,221,6,Yes,3,4,unfinished,October,Y,1435,103
1141,22/04/2021,1140000,18000,231,6,Yes,4,3,finished,Hadayek El-Ahram,Y,1243,101
1142,23/04/2021,2210000,42000,259,3,No,4,4,semi-finished,Zayed,Y,1293,103
1143,23/04/2021,840000,12000,173,1,Yes,3,4,semi-finished,Hadayek El-Ahram,Y,1770,101
1144,23/04/2021,1270000,28000,260,4,No,3,3,finished,Hadayek El-Ahram,X,1819,103
1145,24/04/2021,1960000,31000,243,6,No,3,4,unfinished,Zayed,Y,1227,101
1146,24/04/2021,830000,13000,156,5,Yes,3,4,finished,Hadayek El-Ahram,X,1275,101
1147,26/04/2021,1220000,21000,145,2,No,1,3,unfinished,Zayed,Y,1146,102
1148,27/04/2021,1280000,22000,183,5,Yes,2,2,semi-finished,October,Y,1410,101
1149,27/04/2021,1500000,30000,204,4,Yes,3,3,semi-finished,October,X,1896,103
1150,28/04/2021,1790000,38000,220,4,Yes,4,3,unfinished,Zayed,Y,1748,103
1151,28/04/2021,1120000,21000,228,3,Yes,4,4,semi-finished,Hadayek El-Ahram,Y,1979,103
1152,29/04/2021,920000,21000,197,4,Yes,2,2,unfinished,Hadayek El-Ahram,X,1172,103
1153,30/04/2021,1470000,21000,207,6,No,3,4,semi-finished,October,X,1072,101
1154,01/05/2021,990000,20000,225,4,No,3,3,unfinished,Hadayek El-Ahram,Y,1288,103
1155,01/05/2021,1210000,24000,156,1,No,2,4,finished,October,X,1513,102
1156,01/05/2021,1600000,16000,181,6,Yes,3,3,finished,Zayed,Y,1530,101
1157,01/05/2021,940000,11000,187,2,Yes,3,2,semi-finished,Hadayek El-Ahram,X,1916,101
1158,02/05/2021,1600000,32000,192,2,No,2,3,unfinished,Zayed,Y,1308,103
1159,02/05/2021,2180000,26000,237,6,Yes,3,3,finished,Zayed,X,1742,101
1160,03/05/2021,1850000,28000,203,6,No,4,4,semi-finished,Zayed,X,1061,101
1161,04/05/2021,1220000,24000,173,3,No,2,4,unfinished,October,X,1597,103
1162,04/05/2021,1130000,18000,171,5,Yes,2,2,unfinished,October,Y,1666,102
1163,04/05/2021,2240000,31000,250,6,No,3,3,semi-finished,Zayed,X,1886,102
1164,05/05/2021,1630000,33000,183,2,Yes,2,4,unfinished,Zayed,X,1095,103
1165,05/05/2021,1340000,20000,190,5,No,3,3,semi-finished,October,Y,1156,102
1166,05/05/2021,1460000,26000,189,6,Yes,2,4,finished,October,Y,1999,102
1167,06/05/2021,1470000,21000,200,2,No,3,2,finished,October,X,1466,101
1168,06/05/2021,1290000,27000,145,3,No,1,3,finished,Zayed,Y,1485,103
1169,06/05/2021,1120000,15000,259,6,No,3,3,unfinished,Hadayek El-Ahram,Y,1798,101
1170,09/05/2021,2020000,24000,246,2,No,3,3,semi-finished,Zayed,Y,1201,101
1171,09/05/2021,1770000,44000,239,1,Yes,3,4,semi-finished,October,X,1608,103
1172,11/05/2021,1150000,23000,211,6,Yes,3,3,finished,Hadayek El-Ahram,X,1644,102
1173,12/05/2021,1380000,29000,157,5,Yes,2,3,semi-finished,Zayed,Y,1415,102
1174,12/05/2021,1940000,33000,206,6,No,4,4,finished,Zayed,X,1479,101
1175,12/05/2021,1340000,32000,271,5,Yes,4,4,finished,Hadayek El-Ahram,Y,1670,103
1176,12/05/2021,2130000,38000,253,4,Yes,3,3,unfinished,Zayed,Y,1915,102
1177,13/05/2021,1340000,25000,148,5,No,1,3,semi-finished,Zayed,X,1671,103
1178,16/05/2021,1900000,27000,246,1,Yes,4,3,finished,October,X,1611,101
1179,16/05/2021,940000,13000,181,2,Yes,2,2,finished,Hadayek El-Ahram,X,1989,101
1180,19/05/2021,1890000,36000,205,4,Yes,4,3,finished,Zayed,Y,1450,103
1181,22/05/2021,760000,11000,149,5,No,1,3,semi-finished,Hadayek El-Ahram,X,1902,101
1182,23/05/2021,1280000,22000,258,1,No,4,3,finished,Hadayek El-Ahram,Y,1223,101
1183,23/05/2021,1240000,21000,137,3,Yes,1,2,unfinished,Zayed,X,1990,101
1184,24/05/2021,1360000,22000,143,6,No,2,2,finished,Zayed,X,1366,102
1185,25/05/2021,1240000,17000,265,2,No,3,4,unfinished,Hadayek El-Ahram,X,1002,102
1186,25/05/2021,1750000,26000,193,1,No,3,4,finished,Zayed,Y,1451,101
1187,26/05/2021,1030000,19000,144,2,No,2,3,unfinished,October,X,1037,103
1188,26/05/2021,710000,13000,152,5,Yes,2,4,semi-finished,Hadayek El-Ahram,Y,1899,102
1189,27/05/2021,1350000,28000,150,6,No,2,2,semi-finished,Zayed,X,1279,102
1190,27/05/2021,1200000,23000,252,1,No,3,3,semi-finished,Hadayek El-Ahram,Y,1377,102
1191,28/05/2021,1600000,29000,166,5,Yes,2,3,semi-finished,Zayed,X,1980,102
1192,31/05/2021,1170000,25000,164,6,No,3,2,semi-finished,October,Y,1030,103
1193,01/06/2021,1040000,25000,212,2,Yes,3,3,unfinished,Hadayek El-Ahram,X,1566,103
1194,02/06/2021,1150000,25000,217,1,Yes,4,3,finished,Hadayek El-Ahram,X,1083,103
1195,03/06/2021,660000,9000,136,1,Yes,1,3,unfinished,Hadayek El-Ahram,X,1065,102
1196,03/06/2021,1790000,27000,192,1,No,2,3,semi-finished,Zayed,X,1140,101
1197,03/06/2021,1070000,19000,143,5,No,1,3,unfinished,October,X,1590,102
1198,05/06/2021,1200000,14000,249,4,No,4,4,semi-finished,Hadayek El-Ahram,Y,1712,101
1199,05/06/2021,1310000,21000,150,5,No,1,2,semi-finished,Zayed,Y,1794,102
1200,06/06/2021,1350000,28000,248,1,Yes,4,3,finished,Hadayek El-Ahram,X,1322,102
1201,06/06/2021,1200000,16000,142,3,No,2,2,semi-finished,Zayed,Y,1373,101
1202,06/06/2021,1560000,37000,217,4,No,4,4,semi-finished,October,Y,1985,103
1203,07/06/2021,1710000,34000,239,2,Yes,3,4,finished,October,Y,1730,102
1204,08/06/2021,1490000,37000,203,4,Yes,3,4,unfinished,October,X,1893,103
1205,09/06/2021,750000,8000,150,4,No,2,2,finished,Hadayek El-Ahram,Y,1708,101
1206,11/06/2021,2100000,36000,233,4,No,3,4,semi-finished,Zayed,Y,1520,102
1207,14/06/2021,880000,11000,193,3,Yes,2,2,unfinished,Hadayek El-Ahram,Y,1038,101
1208,14/06/2021,1080000,17000,143,2,No,2,3,semi-finished,October,X,1857,102
1209,15/06/2021,1210000,24000,169,3,No,2,3,unfinished,October,X,1496,102
1210,16/06/2021,2420000,34000,271,5,Yes,3,4,finished,Zayed,Y,1022,101
1211,17/06/2021,2090000,29000,239,6,No,3,3,semi-finished,Zayed,Y,1118,102
1212,17/06/2021,1760000,37000,186,4,Yes,2,2,finished,Zayed,X,1809,103
1213,18/06/2021,1620000,29000,176,6,No,3,2,semi-finished,Zayed,X,1796,103
1214,18/06/2021,860000,11000,181,5,No,3,3,unfinished,Hadayek El-Ahram,X,1825,101
1215,19/06/2021,1520000,30000,196,3,No,3,3,finished,October,Y,1247,102
1216,19/06/2021,1330000,20000,268,4,Yes,4,3,semi-finished,Hadayek El-Ahram,X,1313,102
1217,20/06/2021,1280000,24000,237,5,No,3,4,finished,Hadayek El-Ahram,X,1242,103
1218,21/06/2021,1180000,19000,232,3,No,4,3,semi-finished,Hadayek El-Ahram,X,1214,101
1219,21/06/2021,2280000,52000,243,2,No,4,3,finished,Zayed,Y,1367,103
1220,22/06/2021,1880000,28000,257,2,Yes,3,3,semi-finished,October,X,1927,102
1221,23/06/2021,2390000,57000,263,4,No,4,4,unfinished,Zayed,X,1049,103
1222,23/06/2021,2390000,57000,263,5,No,4,4,semi-finished,Zayed,X,1355,103
1223,23/06/2021,1180000,14000,219,6,Yes,4,4,finished,Hadayek El-Ahram,Y,1545,101
1224,25/06/2021,930000,13000,165,2,Yes,2,3,finished,Hadayek El-Ahram,X,1994,101
1225,26/06/2021,1460000,22000,189,5,No,3,3,finished,October,Y,1020,102
1226,26/06/2021,1350000,26000,273,2,No,3,3,unfinished,Hadayek El-Ahram,X,1039,102
1227,26/06/2021,1170000,27000,219,1,Yes,4,3,finished,Hadayek El-Ahram,Y,1326,103
1228,26/06/2021,1210000,28000,217,5,Yes,3,4,finished,Hadayek El-Ahram,X,1538,103
1229,27/06/2021,1390000,33000,270,1,Yes,4,4,semi-finished,Hadayek El-Ahram,X,1121,103
1230,27/06/2021,760000,18000,140,5,Yes,1,2,finished,Hadayek El-Ahram,X,1736,103
1231,28/06/2021,1020000,20000,189,3,No,2,2,finished,Hadayek El-Ahram,X,1528,102
1232,29/06/2021,1380000,22000,185,3,Yes,2,4,unfinished,October,X,1069,101
1233,29/06/2021,1910000,38000,213,3,No,4,3,unfinished,Zayed,X,1344,102
1234,30/06/2021,1800000,23000,226,5,Yes,3,4,finished,October,X,1026,101
1235,30/06/2021,1620000,26000,216,3,Yes,3,3,finished,October,Y,1315,102
1236,30/06/2021,1110000,19000,222,6,No,4,3,semi-finished,Hadayek El-Ahram,Y,1494,102
1237,01/07/2021,1300000,20000,183,1,No,2,4,semi-finished,October,Y,1013,101
1238,01/07/2021,1580000,32000,160,5,Yes,2,3,finished,Zayed,X,1567,103
1239,01/07/2021,1050000,16000,145,3,No,1,2,unfinished,October,X,1895,101
1240,01/07/2021,2330000,28000,250,5,Yes,4,3,semi-finished,Zayed,Y,1956,101
1241,02/07/2021,770000,11000,170,5,Yes,3,2,unfinished,Hadayek El-Ahram,Y,1460,101
1242,02/07/2021,850000,9000,175,6,Yes,2,2,semi-finished,Hadayek El-Ahram,Y,1462,101
1243,03/07/2021,1330000,23000,168,4,Yes,2,3,finished,October,X,1691,101
1244,03/07/2021,820000,11000,169,5,No,3,3,unfinished,Hadayek El-Ahram,Y,1715,102
1245,05/07/2021,1430000,27000,151,5,No,3,3,unfinished,Zayed,X,1710,103
1246,06/07/2021,1770000,41000,188,3,No,2,4,finished,Zayed,Y,1780,103
1247,06/07/2021,840000,14000,187,1,Yes,2,4,unfinished,Hadayek El-Ahram,Y,1909,102
1248,07/07/2021,740000,16000,140,5,Yes,1,3,semi-finished,Hadayek El-Ahram,Y,1606,103
1249,10/07/2021,1150000,15000,256,5,No,3,3,unfinished,Hadayek El-Ahram,Y,1324,101
1250,11/07/2021,1800000,41000,194,2,No,2,3,semi-finished,Zayed,X,1698,103
1251,12/07/2021,1130000,20000,143,4,No,2,2,finished,October,X,1198,103
1252,12/07/2021,2140000,34000,228,1,Yes,4,3,unfinished,Zayed,X,1260,101
1253,12/07/2021,1370000,19000,152,2,No,2,4,semi-finished,Zayed,Y,1350,102
1254,15/07/2021,1830000,22000,239,4,Yes,4,4,semi-finished,October,X,1993,101
1255,17/07/2021,1260000,28000,241,5,No,4,4,finished,Hadayek El-Ahram,Y,1521,103
1256,18/07/2021,800000,14000,161,2,No,2,2,unfinished,Hadayek El-Ahram,X,1114,103
1257,18/07/2021,1110000,19000,207,2,Yes,3,4,finished,Hadayek El-Ahram,Y,1211,102
1258,18/07/2021,1070000,15000,187,3,Yes,2,4,finished,Hadayek El-Ahram,X,1527,101
1259,19/07/2021,1280000,24000,271,3,No,3,3,unfinished,Hadayek El-Ahram,Y,1066,102
1260,19/07/2021,1070000,21000,200,4,Yes,2,2,finished,Hadayek El-Ahram,Y,1086,102
1261,19/07/2021,1360000,31000,180,2,Yes,2,2,finished,October,Y,1107,103
1262,19/07/2021,1030000,14000,194,4,No,2,2,finished,Hadayek El-Ahram,X,1439,102
1263,21/07/2021,730000,15000,135,5,Yes,2,3,semi-finished,Hadayek El-Ahram,X,1516,103
1264,21/07/2021,1740000,17000,188,1,Yes,3,4,semi-finished,Zayed,Y,1677,101
1265,22/07/2021,860000,21000,162,1,Yes,2,2,finished,Hadayek El-Ahram,Y,1784,103
1266,22/07/2021,1840000,44000,236,5,Yes,3,3,finished,October,Y,1872,103
1267,23/07/2021,1150000,17000,223,1,No,4,3,semi-finished,Hadayek El-Ahram,Y,1729,102
1268,23/07/2021,1400000,25000,197,5,No,2,2,unfinished,October,Y,1745,102
1269,23/07/2021,1060000,16000,197,4,Yes,3,4,finished,Hadayek El-Ahram,Y,1867,102
1270,24/07/2021,1370000,29000,155,1,No,2,4,unfinished,Zayed,Y,1269,103
1271,25/07/2021,1690000,34000,235,3,No,4,3,unfinished,October,Y,1157,103
1272,25/07/2021,1250000,28000,138,6,Yes,1,3,unfinished,Zayed,Y,1582,103
1273,25/07/2021,1810000,27000,245,1,No,4,3,unfinished,October,X,1786,101
1274,25/07/2021,1070000,24000,206,5,No,4,3,semi-finished,Hadayek El-Ahram,Y,1889,103
1275,25/07/2021,2100000,29000,230,2,No,3,4,unfinished,Zayed,X,1903,102
1276,27/07/2021,770000,11000,151,1,No,3,3,unfinished,Hadayek El-Ahram,X,1133,101
1277,27/07/2021,1790000,32000,198,2,No,3,2,semi-finished,Zayed,Y,1728,102
1278,28/07/2021,1330000,16000,162,2,No,2,2,finished,October,X,1136,101
1279,28/07/2021,930000,19000,196,3,Yes,3,4,unfinished,Hadayek El-Ahram,Y,1678,103
1280,29/07/2021,2400000,58000,244,5,No,3,4,finished,Zayed,X,1443,103
1281,29/07/2021,1350000,24000,135,3,Yes,2,2,semi-finished,Zayed,X,1846,102
1282,30/07/2021,1730000,42000,183,3,Yes,3,2,unfinished,Zayed,X,1617,103
1283,31/07/2021,1560000,34000,195,6,No,2,4,semi-finished,October,X,1752,103
1284,01/08/2021,810000,11000,164,5,No,2,3,unfinished,Hadayek El-Ahram,X,1075,101
1285,01/08/2021,2080000,21000,228,2,No,4,3,unfinished,Zayed,Y,1811,101
1286,04/08/2021,1400000,32000,188,4,Yes,2,4,semi-finished,October,Y,1926,103
1287,05/08/2021,1310000,17000,228,1,Yes,3,3,finished,Hadayek El-Ahram,X,1400,101
1288,07/08/2021,1610000,39000,199,6,Yes,3,3,semi-finished,October,X,1255,103
1289,08/08/2021,1440000,35000,143,3,Yes,1,2,finished,Zayed,Y,1945,103
1290,10/08/2021,1750000,39000,246,2,No,4,4,unfinished,October,Y,1418,103
1291,10/08/2021,1660000,37000,204,5,Yes,4,4,finished,October,X,1756,103
1292,11/08/2021,1690000,29000,178,5,No,2,4,unfinished,Zayed,X,1506,101
1293,12/08/2021,2260000,36000,235,3,Yes,3,3,semi-finished,Zayed,X,1641,102
1294,15/08/2021,1120000,19000,221,1,Yes,3,4,unfinished,Hadayek El-Ahram,X,1426,101
1295,16/08/2021,2110000,38000,213,6,Yes,4,3,semi-finished,Zayed,X,1141,102
1296,16/08/2021,1280000,20000,162,6,No,2,4,semi-finished,October,X,1955,102
1297,17/08/2021,1810000,29000,232,5,Yes,4,4,unfinished,October,X,1138,101
1298,17/08/2021,2190000,24000,237,3,Yes,4,3,semi-finished,Zayed,Y,1149,101
1299,17/08/2021,2310000,32000,241,1,No,3,4,semi-finished,Zayed,X,1645,101
1300,17/08/2021,1940000,41000,192,3,Yes,3,2,finished,Zayed,X,1810,102
1301,18/08/2021,1240000,17000,144,3,Yes,2,3,finished,October,X,1624,101
1302,18/08/2021,1150000,21000,240,3,No,4,4,semi-finished,Hadayek El-Ahram,Y,1662,102
1303,19/08/2021,2560000,38000,257,2,Yes,4,3,finished,Zayed,X,1334,101
1304,19/08/2021,870000,22000,181,3,No,2,2,unfinished,Hadayek El-Ahram,Y,1733,103
1305,22/08/2021,1110000,17000,221,1,No,4,3,semi-finished,Hadayek El-Ahram,Y,1270,101
1306,22/08/2021,1230000,17000,135,6,No,1,2,unfinished,Zayed,Y,1501,102
1307,22/08/2021,1280000,32000,250,3,No,4,4,unfinished,Hadayek El-Ahram,X,1595,103
1308,23/08/2021,1660000,23000,216,2,Yes,3,4,unfinished,October,X,1864,101
1309,24/08/2021,1240000,25000,241,2,Yes,4,3,semi-finished,Hadayek El-Ahram,Y,1139,102
1310,24/08/2021,1250000,19000,261,4,No,3,4,unfinished,Hadayek El-Ahram,Y,1561,102
1311,26/08/2021,1720000,38000,231,5,Yes,4,3,semi-finished,October,Y,1106,103
1312,26/08/2021,1080000,14000,231,2,No,3,4,unfinished,Hadayek El-Ahram,Y,1333,101
1313,27/08/2021,1420000,24000,273,2,Yes,3,3,finished,Hadayek El-Ahram,Y,1828,102
1314,27/08/2021,2380000,55000,249,6,Yes,3,4,semi-finished,Zayed,Y,1898,103
1315,29/08/2021,1210000,29000,243,4,No,4,3,unfinished,Hadayek El-Ahram,X,1660,103
1316,31/08/2021,1150000,14000,211,4,Yes,4,3,semi-finished,Hadayek El-Ahram,Y,1054,101
1317,31/08/2021,1260000,21000,233,1,No,4,4,semi-finished,Hadayek El-Ahram,X,1100,101
1318,31/08/2021,1770000,28000,175,6,No,2,3,finished,Zayed,X,1797,102
1319,01/09/2021,1910000,34000,193,5,No,3,4,semi-finished,Zayed,X,1614,102
1320,04/09/2021,1080000,23000,183,1,Yes,2,4,finished,Hadayek El-Ahram,X,1120,103
1321,04/09/2021,1490000,15000,179,6,No,2,3,finished,October,X,1952,101
1322,05/09/2021,1930000,29000,234,6,Yes,3,4,finished,October,Y,1318,101
1323,06/09/2021,1290000,27000,164,3,No,2,3,unfinished,October,X,1252,102
1324,06/09/2021,1550000,26000,204,3,Yes,3,4,semi-finished,October,Y,1429,102
1325,06/09/2021,1910000,34000,265,2,Yes,4,4,unfinished,October,Y,1972,103
1326,07/09/2021,840000,17000,159,5,No,3,3,semi-finished,Hadayek El-Ahram,X,1249,102
1327,07/09/2021,2260000,52000,214,5,Yes,3,4,finished,Zayed,X,1409,103
1328,07/09/2021,1850000,33000,234,4,No,4,4,finished,October,Y,1472,103
1329,07/09/2021,1400000,27000,148,1,No,2,2,finished,Zayed,Y,1946,103
1330,07/09/2021,1130000,19000,201,6,Yes,3,4,finished,Hadayek El-Ahram,Y,1971,102
1331,08/09/2021,1460000,25000,261,1,Yes,3,3,finished,Hadayek El-Ahram,X,1023,101
1332,09/09/2021,930000,11000,186,5,No,3,4,semi-finished,Hadayek El-Ahram,Y,1142,101
1333,12/09/2021,1790000,34000,185,3,No,2,3,unfinished,Zayed,X,1191,103
1334,12/09/2021,1300000,31000,239,1,Yes,3,4,semi-finished,Hadayek El-Ahram,X,1720,103
1335,12/09/2021,2100000,42000,208,3,Yes,4,3,semi-finished,Zayed,X,1908,102
1336,13/09/2021,2320000,56000,225,6,No,3,4,finished,Zayed,X,1048,103
1337,13/09/2021,1820000,40000,248,1,Yes,4,4,unfinished,October,Y,1391,103
1338,14/09/2021,2600000,62000,268,5,Yes,4,3,unfinished,Zayed,X,1035,103
1339,14/09/2021,1030000,18000,176,6,Yes,3,4,finished,Hadayek El-Ahram,X,1446,102
1340,14/09/2021,1110000,13000,151,1,Yes,2,2,semi-finished,October,Y,1865,101
1341,15/09/2021,1170000,23000,135,1,No,2,2,finished,October,X,1631,103
1342,15/09/2021,1910000,29000,195,6,Yes,2,3,unfinished,Zayed,X,1776,101
1343,16/09/2021,2130000,38000,227,6,Yes,3,4,semi-finished,Zayed,Y,1588,103
1344,17/09/2021,1610000,27000,208,4,Yes,3,4,semi-finished,October,Y,1363,102
1345,18/09/2021,1040000,11000,174,5,Yes,2,3,finished,Hadayek El-Ahram,X,1301,101
1346,19/09/2021,780000,18000,149,4,No,2,3,unfinished,Hadayek El-Ahram,X,1110,103
1347,19/09/2021,1060000,13000,202,6,No,3,3,semi-finished,Hadayek El-Ahram,Y,1210,101
1348,19/09/2021,1530000,26000,148,2,Yes,1,2,finished,Zayed,X,1586,102
1349,20/09/2021,2010000,36000,232,5,Yes,3,4,finished,October,X,1556,102
1350,22/09/2021,1780000,30000,210,2,Yes,4,4,finished,October,X,1877,101
1351,23/09/2021,1320000,22000,262,6,Yes,4,3,semi-finished,Hadayek El-Ahram,Y,1235,101
1352,23/09/2021,2080000,29000,197,5,Yes,2,2,finished,Zayed,X,1535,101
1353,24/09/2021,660000,9000,136,4,No,1,2,unfinished,Hadayek El-Ahram,Y,1078,102
1354,24/09/2021,1310000,22000,240,1,No,3,4,semi-finished,Hadayek El-Ahram,X,1873,101
1355,25/09/2021,1930000,41000,237,3,No,4,3,semi-finished,October,X,1109,102
1356,26/09/2021,760000,19000,151,4,No,2,4,unfinished,Hadayek El-Ahram,X,1441,103
1357,26/09/2021,900000,18000,193,4,No,2,2,unfinished,Hadayek El-Ahram,Y,1676,102
1358,26/09/2021,2000000,42000,259,2,Yes,3,4,unfinished,October,X,1823,102
1359,27/09/2021,1840000,39000,244,3,No,4,3,unfinished,October,Y,1090,102
1360,27/09/2021,1790000,27000,216,5,Yes,3,4,semi-finished,October,X,1153,102
1361,28/09/2021,2160000,43000,217,5,Yes,3,3,finished,Zayed,Y,1735,103
1362,29/09/2021,2120000,36000,265,6,No,3,4,semi-finished,October,X,1869,102
1363,01/10/2021,1660000,35000,204,6,No,3,4,finished,October,Y,1943,102
1364,01/10/2021,1880000,38000,199,5,No,3,2,unfinished,Zayed,Y,1978,103
1365,02/10/2021,2490000,42000,255,3,No,3,4,finished,Zayed,Y,1335,102
1366,02/10/2021,1580000,38000,206,5,Yes,4,4,semi-finished,October,Y,1743,103
1367,03/10/2021,1210000,21000,150,3,No,2,4,finished,October,Y,1393,101
1368,03/10/2021,1060000,20000,207,2,Yes,3,4,unfinished,Hadayek El-Ahram,X,1912,102
1369,04/10/2021,1120000,17000,145,5,No,1,3,semi-finished,October,Y,1489,101
1370,06/10/2021,820000,11000,153,3,No,2,4,unfinished,Hadayek El-Ahram,X,1176,101
1371,06/10/2021,1690000,27000,210,3,No,4,3,semi-finished,October,X,1289,102
1372,07/10/2021,2010000,36000,257,1,No,3,3,semi-finished,October,X,1814,103
1373,08/10/2021,1760000,32000,233,1,Yes,3,4,semi-finished,October,Y,1941,103
1374,10/10/2021,1150000,23000,198,3,Yes,3,4,semi-finished,Hadayek El-Ahram,X,1171,103
1375,12/10/2021,1630000,16000,165,1,Yes,3,3,unfinished,Zayed,X,1765,101
1376,13/10/2021,1930000,33000,226,6,Yes,3,4,finished,October,X,1204,102
1377,14/10/2021,1430000,26000,264,1,No,4,3,finished,Hadayek El-Ahram,Y,1519,102
1378,15/10/2021,1850000,37000,193,1,No,2,3,semi-finished,Zayed,Y,1690,102
1379,16/10/2021,1930000,33000,242,3,No,3,4,finished,October,Y,1448,101
1380,16/10/2021,1890000,25000,244,3,Yes,3,3,unfinished,October,Y,1482,101
1381,17/10/2021,2110000,32000,205,3,No,4,3,finished,Zayed,Y,1591,101
1382,17/10/2021,1850000,26000,231,5,Yes,4,4,unfinished,October,X,1792,101
1383,18/10/2021,1110000,18000,142,3,No,1,2,unfinished,October,X,1370,101
1384,20/10/2021,810000,9000,154,5,Yes,3,2,unfinished,Hadayek El-Ahram,Y,1154,101
1385,20/10/2021,1290000,22000,135,3,No,1,3,semi-finished,Zayed,Y,1320,101
1386,20/10/2021,1700000,31000,163,5,No,2,4,finished,Zayed,Y,1970,102
1387,22/10/2021,1620000,18000,196,6,No,2,2,finished,October,X,1572,101
1388,23/10/2021,2090000,40000,201,1,Yes,4,3,finished,Zayed,Y,1515,102
1389,24/10/2021,1350000,23000,167,6,Yes,3,3,unfinished,October,X,1436,101
1390,26/10/2021,1590000,33000,156,2,No,2,3,finished,Zayed,Y,1008,103
1391,26/10/2021,1330000,23000,141,5,No,1,2,unfinished,Zayed,Y,1853,102
1392,27/10/2021,1560000,39000,201,1,Yes,3,3,semi-finished,October,Y,1475,103
1393,27/10/2021,2290000,23000,221,5,No,3,4,semi-finished,Zayed,X,1721,101
1394,28/10/2021,1260000,14000,145,2,Yes,1,3,finished,October,Y,1248,101
1395,28/10/2021,2180000,46000,207,6,Yes,3,3,semi-finished,Zayed,X,1700,102
1396,28/10/2021,1820000,36000,232,2,Yes,4,4,unfinished,October,X,1818,103
1397,29/10/2021,1260000,20000,224,6,No,4,4,finished,Hadayek El-Ahram,Y,1018,102
1398,29/10/2021,1080000,18000,217,2,No,4,4,unfinished,Hadayek El-Ahram,Y,1851,102
1399,29/10/2021,1320000,22000,166,2,No,2,3,unfinished,October,X,1914,101
1400,30/10/2021,2090000,31000,202,4,No,3,3,finished,Zayed,X,1540,102
1401,31/10/2021,1770000,30000,230,6,No,3,3,unfinished,October,X,1088,101
1402,31/10/2021,2220000,53000,229,6,Yes,3,4,unfinished,Zayed,Y,1178,103
1403,01/11/2021,1560000,37000,151,4,No,3,2,semi-finished,Zayed,X,1203,103
1404,01/11/2021,1190000,23000,196,5,Yes,3,3,finished,Hadayek El-Ahram,X,1226,102
1405,01/11/2021,1400000,20000,135,4,Yes,1,2,unfinished,Zayed,X,1354,101
1406,02/11/2021,1080000,24000,200,4,Yes,3,4,unfinished,Hadayek El-Ahram,X,1602,103
1407,02/11/2021,2110000,40000,197,5,Yes,3,2,finished,Zayed,X,1881,102
1408,02/11/2021,1100000,21000,135,4,Yes,2,2,semi-finished,October,Y,1931,103
1409,03/11/2021,2160000,35000,261,4,No,4,3,semi-finished,October,X,1025,101
1410,04/11/2021,1790000,29000,205,4,Yes,4,4,semi-finished,October,X,1569,102
1411,04/11/2021,2450000,42000,235,6,No,4,4,semi-finished,Zayed,X,1854,102
1412,06/11/2021,2320000,28000,225,5,No,4,4,unfinished,Zayed,X,1583,101
1413,07/11/2021,1070000,21000,189,4,No,3,2,finished,Hadayek El-Ahram,Y,1491,103
1414,09/11/2021,1310000,13000,258,2,No,4,3,unfinished,Hadayek El-Ahram,X,1360,101
1415,11/11/2021,1140000,19000,138,3,Yes,1,2,unfinished,October,X,1514,101
1416,11/11/2021,2450000,42000,236,2,No,4,4,finished,Zayed,X,1747,102
1417,11/11/2021,880000,13000,149,6,Yes,1,2,finished,Hadayek El-Ahram,X,1923,102
1418,12/11/2021,1610000,26000,183,6,Yes,3,3,finished,October,X,1707,102
1419,13/11/2021,1440000,27000,170,6,Yes,3,3,finished,October,Y,1378,102
1420,13/11/2021,1190000,21000,195,2,Yes,2,3,finished,Hadayek El-Ahram,X,1897,102
1421,13/11/2021,1870000,21000,188,5,No,2,4,semi-finished,Zayed,Y,1981,101
1422,14/11/2021,1380000,17000,274,3,Yes,3,4,unfinished,Hadayek El-Ahram,Y,1056,101
1423,15/11/2021,1400000,20000,166,3,Yes,2,4,semi-finished,October,X,1186,101
1424,15/11/2021,1770000,37000,176,3,Yes,2,4,semi-finished,Zayed,Y,1858,103
1425,16/11/2021,2620000,26000,268,4,Yes,4,4,unfinished,Zayed,Y,1117,101
1426,16/11/2021,1660000,25000,184,6,Yes,3,3,finished,October,X,1961,101
1427,19/11/2021,1790000,41000,223,5,Yes,3,4,semi-finished,October,Y,1755,103
1428,20/11/2021,890000,19000,171,4,No,3,2,unfinished,Hadayek El-Ahram,Y,1483,102
1429,24/11/2021,670000,7000,137,3,No,1,2,unfinished,Hadayek El-Ahram,Y,1112,101
1430,25/11/2021,1430000,17000,247,5,No,3,3,finished,Hadayek El-Ahram,X,1383,101
1431,25/11/2021,1900000,34000,237,1,No,3,4,unfinished,October,X,1384,102
1432,25/11/2021,840000,20000,171,2,No,3,2,unfinished,Hadayek El-Ahram,Y,1822,103
1433,26/11/2021,1330000,25000,235,1,No,3,3,finished,Hadayek El-Ahram,Y,1433,102
1434,27/11/2021,1320000,26000,266,4,Yes,3,3,unfinished,Hadayek El-Ahram,Y,1935,103
1435,29/11/2021,970000,22000,158,4,No,2,4,finished,Hadayek El-Ahram,X,1347,103
1436,29/11/2021,1730000,42000,160,5,Yes,3,3,semi-finished,Zayed,X,1922,103
1437,30/11/2021,2650000,58000,272,4,Yes,4,4,semi-finished,Zayed,Y,1490,103
1438,01/12/2021,1150000,28000,192,6,No,3,4,finished,Hadayek El-Ahram,X,1063,103
1439,01/12/2021,920000,16000,164,2,No,2,2,finished,Hadayek El-Ahram,Y,1430,102
1440,01/12/2021,1490000,21000,252,4,No,4,3,finished,Hadayek El-Ahram,X,1457,101
1441,01/12/2021,1400000,21000,137,4,Yes,2,2,semi-finished,Zayed,X,1504,101
1442,02/12/2021,1510000,27000,199,5,No,2,3,unfinished,October,Y,1342,103
1443,02/12/2021,1400000,20000,262,3,No,4,4,semi-finished,Hadayek El-Ahram,Y,1754,101
1444,03/12/2021,890000,10000,147,3,No,1,2,finished,Hadayek El-Ahram,X,1082,101
1445,03/12/2021,1550000,26000,186,6,Yes,2,4,semi-finished,October,Y,1763,101
1446,04/12/2021,2670000,43000,264,2,Yes,3,3,semi-finished,Zayed,Y,1292,102
1447,04/12/2021,1400000,28000,245,1,No,4,4,semi-finished,Hadayek El-Ahram,X,1453,102
1448,04/12/2021,2280000,52000,210,4,No,3,3,finished,Zayed,X,1803,103
1449,04/12/2021,1230000,15000,224,1,Yes,4,3,semi-finished,Hadayek El-Ahram,Y,1986,101
1450,05/12/2021,2100000,34000,210,6,No,3,4,semi-finished,Zayed,Y,1213,102
1451,06/12/2021,1340000,21000,161,2,No,3,4,unfinished,October,X,1007,102
1452,07/12/2021,1610000,32000,188,2,No,3,2,semi-finished,October,X,1340,103
1453,07/12/2021,2760000,55000,267,3,No,3,3,semi-finished,Zayed,X,1398,103
1454,07/12/2021,730000,12000,143,5,No,1,3,unfinished,Hadayek El-Ahram,Y,1510,101
1455,08/12/2021,2030000,43000,193,3,No,3,4,semi-finished,Zayed,Y,1059,103
1456,08/12/2021,1340000,24000,154,4,Yes,3,4,finished,October,Y,1584,103
1457,08/12/2021,1430000,20000,140,3,No,1,2,finished,Zayed,Y,1619,102
1458,11/12/2021,1470000,32000,258,5,Yes,4,4,semi-finished,Hadayek El-Ahram,X,1216,103
1459,12/12/2021,2250000,45000,264,3,Yes,3,4,finished,October,Y,1060,103
1460,12/12/2021,1120000,26000,135,1,No,2,2,semi-finished,October,Y,1183,103
1461,12/12/2021,1510000,24000,187,6,No,2,3,semi-finished,October,Y,1837,102
1462,12/12/2021,1250000,24000,232,4,No,4,4,unfinished,Hadayek El-Ahram,X,1942,102
1463,13/12/2021,830000,17000,155,3,Yes,3,2,unfinished,Hadayek El-Ahram,X,1813,103
1464,14/12/2021,2890000,49000,267,4,Yes,3,3,finished,Zayed,Y,1924,101
1465,16/12/2021,1540000,31000,265,2,Yes,4,4,finished,Hadayek El-Ahram,Y,1476,102
1466,17/12/2021,2800000,42000,270,3,No,4,4,semi-finished,Zayed,X,1640,101
1467,18/12/2021,1960000,25000,228,2,Yes,3,4,semi-finished,October,X,1369,101
1468,18/12/2021,1530000,31000,272,6,Yes,3,4,unfinished,Hadayek El-Ahram,X,1480,102
1469,19/12/2021,1430000,23000,261,4,Yes,3,4,unfinished,Hadayek El-Ahram,X,1077,101
1470,19/12/2021,890000,12000,165,3,No,3,3,unfinished,Hadayek El-Ahram,Y,1188,101
1471,20/12/2021,1980000,36000,244,1,No,4,3,unfinished,October,X,1639,102
1472,20/12/2021,1380000,22000,248,6,Yes,4,4,unfinished,Hadayek El-Ahram,X,1856,102
1473,21/12/2021,1140000,21000,207,6,Yes,3,3,semi-finished,Hadayek El-Ahram,Y,1294,103
1474,22/12/2021,2600000,55000,250,5,Yes,4,3,unfinished,Zayed,X,1027,103
1475,23/12/2021,1200000,18000,146,5,No,1,2,unfinished,October,X,1558,102
1476,24/12/2021,2580000,44000,262,2,No,3,3,unfinished,Zayed,Y,1774,101
1477,25/12/2021,860000,13000,151,3,No,3,3,unfinished,Hadayek El-Ahram,X,1074,102
1478,25/12/2021,1870000,36000,222,6,No,4,3,finished,October,Y,1882,103
1479,25/12/2021,1130000,12000,192,5,Yes,3,3,finished,Hadayek El-Ahram,Y,1900,101
1480,26/12/2021,1980000,28000,202,5,No,4,3,semi-finished,Zayed,Y,1654,101
1481,26/12/2021,1660000,33000,155,4,Yes,2,3,semi-finished,Zayed,X,1781,103
1482,27/12/2021,1280000,27000,216,2,No,4,3,finished,Hadayek El-Ahram,Y,1498,103
1483,27/12/2021,1670000,32000,151,5,No,2,4,finished,Zayed,X,1947,102
1484,29/12/2021,1730000,42000,221,4,No,3,4,unfinished,October,Y,1014,103
1485,29/12/2021,1170000,15000,187,6,No,3,3,finished,Hadayek El-Ahram,Y,1158,101
1486,29/12/2021,1440000,27000,253,6,No,3,3,semi-finished,Hadayek El-Ahram,X,1187,102
1487,29/12/2021,1530000,37000,239,2,Yes,3,4,finished,Hadayek El-Ahram,X,1470,103
1488,30/12/2021,2380000,48000,233,5,No,3,4,finished,Zayed,Y,1073,103
1489,31/12/2021,950000,15000,176,4,No,3,3,unfinished,Hadayek El-Ahram,Y,1428,102
1490,01/01/2022,1790000,30000,160,3,No,2,2,finished,Zayed,X,1170,101
1491,01/01/2022,1210000,18000,213,6,No,3,3,semi-finished,Hadayek El-Ahram,Y,1962,101
1492,03/01/2022,1790000,43000,216,5,Yes,4,3,unfinished,October,X,1230,103
1493,03/01/2022,1240000,16000,241,1,Yes,3,3,unfinished,Hadayek El-Ahram,Y,1529,101
1494,04/01/2022,1880000,24000,219,4,Yes,3,4,finished,October,Y,1017,101
1495,06/01/2022,1770000,25000,165,4,No,3,3,finished,Zayed,Y,1933,101
1496,06/01/2022,1310000,18000,224,3,Yes,3,4,semi-finished,Hadayek El-Ahram,X,1969,102
1497,07/01/2022,1350000,26000,227,5,Yes,3,3,finished,Hadayek El-Ahram,Y,1562,103
1498,09/01/2022,810000,17000,140,5,Yes,1,3,unfinished,Hadayek El-Ahram,X,1081,103
1499,09/01/2022,1580000,33000,268,1,Yes,4,4,finished,Hadayek El-Ahram,Y,1804,103
1500,14/01/2022,1910000,42000,243,3,No,3,4,unfinished,October,Y,1629,103
1501,15/01/2022,2060000,41000,185,3,Yes,2,4,finished,Zayed,X,1687,103
1502,16/01/2022,1340000,15000,232,1,No,3,4,semi-finished,Hadayek El-Ahram,Y,1246,101
1503,16/01/2022,1650000,31000,275,6,No,3,4,finished,Hadayek El-Ahram,X,1553,103
1504,16/01/2022,1600000,37000,186,3,No,3,3,unfinished,October,X,1890,103
1505,17/01/2022,2630000,39000,266,2,Yes,4,4,unfinished,Zayed,Y,1085,101
1506,18/01/2022,1900000,29000,223,1,Yes,3,3,unfinished,October,X,1194,102
1507,18/01/2022,1810000,36000,215,1,Yes,3,4,unfinished,October,X,1209,103
1508,18/01/2022,1780000,25000,178,3,No,3,4,unfinished,Zayed,Y,1478,102
1509,18/01/2022,1530000,24000,189,2,No,3,3,semi-finished,October,Y,1574,102
1510,19/01/2022,1420000,30000,236,4,No,3,3,semi-finished,Hadayek El-Ahram,X,1124,103
1511,19/01/2022,1670000,30000,155,3,No,2,4,unfinished,Zayed,X,1593,103
1512,20/01/2022,2370000,33000,229,2,No,3,4,semi-finished,Zayed,Y,1239,101
1513,20/01/2022,2250000,36000,208,2,Yes,4,3,unfinished,Zayed,X,1459,102
1514,20/01/2022,1790000,38000,152,3,Yes,3,3,finished,Zayed,X,1772,103
1515,22/01/2022,1150000,14000,184,3,No,3,4,finished,Hadayek El-Ahram,X,1080,101
1516,23/01/2022,1350000,15000,142,5,No,2,3,finished,October,X,1215,101
1517,23/01/2022,1580000,38000,270,2,No,3,3,semi-finished,Hadayek El-Ahram,X,1731,103
1518,24/01/2022,2230000,42000,271,1,No,4,3,unfinished,October,Y,1412,102
1519,24/01/2022,2710000,57000,239,3,No,4,3,finished,Zayed,X,1849,102
1520,26/01/2022,1190000,15000,222,2,No,4,4,unfinished,Hadayek El-Ahram,Y,1461,101
1521,28/01/2022,1100000,19000,192,6,Yes,3,4,semi-finished,Hadayek El-Ahram,Y,1493,101
1522,29/01/2022,870000,15000,146,6,Yes,2,3,unfinished,Hadayek El-Ahram,X,1034,102
1523,29/01/2022,1000000,14000,196,2,Yes,3,3,unfinished,Hadayek El-Ahram,Y,1220,102
1524,30/01/2022,1670000,35000,160,5,No,3,2,unfinished,Zayed,X,1323,103
1525,30/01/2022,950000,16000,150,2,Yes,2,3,finished,Hadayek El-Ahram,Y,1500,102
1526,31/01/2022,1530000,21000,246,3,No,3,4,finished,Hadayek El-Ahram,X,1067,102
1527,31/01/2022,870000,17000,146,3,No,2,2,semi-finished,Hadayek El-Ahram,X,1650,102
1528,01/02/2022,950000,17000,180,2,Yes,2,2,unfinished,Hadayek El-Ahram,Y,1734,103
1529,02/02/2022,2150000,43000,210,2,No,4,3,semi-finished,Zayed,Y,1182,103
1530,02/02/2022,2310000,44000,262,2,Yes,3,4,semi-finished,October,X,1276,103
1531,02/02/2022,2350000,49000,272,2,No,3,3,finished,October,Y,1958,102
1532,03/02/2022,1960000,29000,183,6,No,3,2,semi-finished,Zayed,X,1233,101
1533,03/02/2022,1600000,26000,266,5,No,4,3,semi-finished,Hadayek El-Ahram,X,1337,102
1534,03/02/2022,1340000,19000,144,3,Yes,1,3,semi-finished,October,X,1738,101
1535,04/02/2022,1440000,17000,174,2,Yes,2,2,unfinished,October,Y,1713,101
1536,04/02/2022,2220000,36000,263,3,Yes,3,3,finished,October,Y,1717,102
1537,05/02/2022,850000,14000,144,6,Yes,2,3,unfinished,Hadayek El-Ahram,X,1004,102
1538,05/02/2022,840000,16000,151,2,No,3,4,semi-finished,Hadayek El-Ahram,Y,1050,102
1539,05/02/2022,1180000,24000,143,6,No,1,2,unfinished,October,Y,1386,102
1540,06/02/2022,2640000,61000,238,3,No,4,4,semi-finished,Zayed,X,1015,103
1541,06/02/2022,2090000,44000,244,2,Yes,3,3,semi-finished,October,X,1637,103
1542,06/02/2022,2270000,52000,213,4,Yes,3,4,semi-finished,Zayed,Y,1888,103
1543,07/02/2022,1660000,30000,149,1,Yes,1,2,semi-finished,Zayed,X,1152,102
1544,08/02/2022,1990000,48000,246,5,Yes,4,3,semi-finished,October,Y,1395,103
1545,09/02/2022,2020000,40000,194,6,Yes,2,4,unfinished,Zayed,Y,1096,102
1546,09/02/2022,2810000,31000,259,5,Yes,4,4,unfinished,Zayed,X,1651,101
1547,10/02/2022,2780000,53000,247,3,Yes,3,3,finished,Zayed,X,1031,103
1548,10/02/2022,1320000,26000,141,6,Yes,2,2,finished,October,X,1309,103
1549,10/02/2022,1590000,27000,145,5,Yes,1,3,unfinished,Zayed,X,1785,102
1550,11/02/2022,1600000,29000,152,3,No,2,4,unfinished,Zayed,X,1199,102
1551,12/02/2022,1540000,31000,180,6,No,3,4,unfinished,October,X,1003,102
1552,12/02/2022,2000000,24000,215,2,No,3,3,finished,October,X,1760,101
1553,16/02/2022,1750000,37000,160,6,Yes,2,3,unfinished,Zayed,Y,1010,102
1554,16/02/2022,2500000,45000,274,1,No,3,4,finished,October,Y,1416,102
1555,17/02/2022,1570000,27000,269,6,No,4,4,finished,Hadayek El-Ahram,Y,1087,102
1556,20/02/2022,1190000,25000,135,2,No,2,2,finished,October,Y,1180,103
1557,20/02/2022,1500000,27000,162,2,No,3,4,finished,October,X,1328,103
1558,20/02/2022,2210000,38000,266,2,Yes,4,4,unfinished,October,Y,1661,101
1559,21/02/2022,1940000,25000,176,2,Yes,3,3,semi-finished,Zayed,Y,1447,101
1560,21/02/2022,1670000,32000,191,3,Yes,2,3,semi-finished,October,X,1542,103
1561,24/02/2022,2800000,34000,267,2,Yes,4,3,unfinished,Zayed,Y,1205,101
1562,25/02/2022,1290000,32000,203,6,Yes,3,4,semi-finished,Hadayek El-Ahram,X,1160,103
1563,26/02/2022,1440000,35000,165,1,Yes,3,4,unfinished,October,Y,1237,103
1564,27/02/2022,1830000,38000,168,6,No,2,2,unfinished,Zayed,X,1265,103
1565,27/02/2022,2320000,51000,263,3,No,4,4,unfinished,October,X,1474,103
1566,27/02/2022,1520000,15000,143,5,No,1,2,unfinished,Zayed,X,1894,101
1567,28/02/2022,1340000,25000,222,3,No,3,4,semi-finished,Hadayek El-Ahram,Y,1244,102
1568,01/03/2022,1520000,17000,252,3,No,4,3,finished,Hadayek El-Ahram,Y,1778,101
1569,02/03/2022,1100000,22000,167,2,Yes,3,3,finished,Hadayek El-Ahram,X,1580,103
1570,02/03/2022,1170000,21000,208,1,Yes,4,3,semi-finished,Hadayek El-Ahram,Y,1806,103
1571,02/03/2022,2290000,34000,254,6,Yes,4,4,semi-finished,October,X,1880,101
1572,03/03/2022,980000,21000,162,1,Yes,2,4,semi-finished,Hadayek El-Ahram,Y,1047,103
1573,03/03/2022,2150000,26000,263,5,Yes,4,4,unfinished,October,Y,1801,101
1574,03/03/2022,2200000,42000,260,2,No,3,3,finished,October,Y,1976,103
1575,05/03/2022,1760000,35000,208,1,No,4,3,semi-finished,October,Y,1685,102
1576,05/03/2022,1960000,29000,219,5,No,3,3,unfinished,October,X,1704,102
1577,07/03/2022,1950000,37000,236,1,No,3,4,unfinished,October,Y,1089,103
1578,07/03/2022,1520000,21000,151,2,Yes,3,4,finished,October,X,1653,102
1579,07/03/2022,1600000,27000,256,4,Yes,3,3,finished,Hadayek El-Ahram,Y,1928,101
1580,08/03/2022,2890000,40000,267,5,No,4,3,finished,Zayed,Y,1694,101
1581,09/03/2022,2130000,23000,241,6,No,3,3,semi-finished,October,X,1345,101
1582,10/03/2022,1490000,33000,168,1,No,3,3,semi-finished,October,Y,1440,103
1583,11/03/2022,1470000,22000,237,2,No,3,4,semi-finished,Hadayek El-Ahram,X,1522,101
1584,12/03/2022,1970000,35000,204,6,No,3,3,finished,October,X,1411,102
1585,12/03/2022,2510000,30000,270,4,Yes,4,4,finished,October,Y,1422,101
1586,14/03/2022,2940000,50000,270,1,No,4,3,finished,Zayed,Y,1406,102
1587,15/03/2022,1780000,28000,173,3,No,2,2,unfinished,Zayed,Y,1012,101
1588,15/03/2022,2090000,50000,203,5,Yes,3,4,unfinished,Zayed,Y,1277,103
1589,16/03/2022,940000,13000,145,4,Yes,2,2,semi-finished,Hadayek El-Ahram,X,1273,101
1590,16/03/2022,1720000,29000,189,3,No,2,4,semi-finished,October,X,1724,102
1591,17/03/2022,1520000,27000,135,2,Yes,1,3,finished,Zayed,Y,1512,102
1592,17/03/2022,1490000,24000,239,6,No,4,3,finished,Hadayek El-Ahram,X,1559,101
1593,18/03/2022,1790000,39000,220,1,Yes,3,3,unfinished,October,Y,1296,103
1594,19/03/2022,2360000,47000,218,1,Yes,3,3,unfinished,Zayed,Y,1539,103
1595,21/03/2022,1510000,36000,172,3,Yes,3,4,semi-finished,October,Y,1212,103
1596,21/03/2022,1230000,20000,240,5,No,3,3,unfinished,Hadayek El-Ahram,Y,1793,101
1597,23/03/2022,1300000,26000,209,2,No,4,4,finished,Hadayek El-Ahram,Y,1405,103
1598,23/03/2022,1690000,32000,145,1,No,1,2,finished,Zayed,X,1549,103
1599,23/03/2022,1360000,22000,151,5,No,3,2,semi-finished,October,X,1658,102
1600,24/03/2022,1430000,17000,225,5,Yes,4,3,semi-finished,Hadayek El-Ahram,X,1137,101
1601,24/03/2022,1000000,20000,172,3,No,2,2,semi-finished,Hadayek El-Ahram,Y,1693,103
1602,24/03/2022,1590000,27000,250,3,Yes,3,3,finished,Hadayek El-Ahram,Y,1997,101
1603,25/03/2022,2390000,36000,269,2,Yes,3,4,unfinished,October,X,1647,101
1604,27/03/2022,1380000,22000,231,3,No,4,3,semi-finished,Hadayek El-Ahram,Y,1217,102
1605,27/03/2022,1750000,39000,163,6,Yes,2,3,semi-finished,Zayed,Y,1618,103
1606,29/03/2022,890000,17000,155,4,No,3,3,semi-finished,Hadayek El-Ahram,Y,1876,103
1607,30/03/2022,1470000,16000,156,3,No,2,4,semi-finished,October,X,1251,101
1608,30/03/2022,2000000,22000,229,2,No,4,4,semi-finished,October,Y,1481,101
1609,31/03/2022,840000,13000,143,3,Yes,1,3,unfinished,Hadayek El-Ahram,X,1847,101
1610,01/04/2022,1570000,33000,180,1,No,3,3,unfinished,October,Y,1254,102
1611,02/04/2022,2010000,32000,216,6,No,3,4,finished,October,Y,1816,101
1612,02/04/2022,1000000,11000,159,3,Yes,3,4,semi-finished,Hadayek El-Ahram,Y,1885,101
1613,04/04/2022,2170000,50000,186,4,No,3,4,finished,Zayed,X,1499,103
1614,05/04/2022,2520000,43000,275,3,No,3,3,finished,October,Y,1307,101
1615,07/04/2022,1880000,43000,190,2,Yes,3,2,finished,October,X,1863,103
1616,09/04/2022,2390000,55000,264,4,No,3,4,finished,October,Y,1126,103
1617,09/04/2022,1320000,22000,147,5,Yes,2,3,unfinished,October,Y,1936,101
1618,11/04/2022,1720000,21000,179,4,Yes,3,2,finished,October,X,1058,101
1619,11/04/2022,1820000,42000,188,3,Yes,3,4,finished,October,X,1509,103
1620,12/04/2022,2100000,25000,178,6,Yes,2,3,semi-finished,Zayed,X,1091,101
1621,12/04/2022,1150000,17000,186,3,No,3,2,finished,Hadayek El-Ahram,Y,1148,101
1622,12/04/2022,2250000,29000,190,3,Yes,2,3,finished,Zayed,Y,1394,101
1623,12/04/2022,1260000,16000,213,2,No,3,3,semi-finished,Hadayek El-Ahram,X,1887,101
1624,13/04/2022,1260000,23000,209,1,No,3,4,unfinished,Hadayek El-Ahram,X,1473,102
1625,15/04/2022,1130000,20000,212,2,No,3,4,unfinished,Hadayek El-Ahram,Y,1517,102
1626,16/04/2022,1200000,22000,137,2,Yes,1,3,unfinished,October,Y,1303,102
1627,18/04/2022,1340000,24000,139,1,No,2,3,finished,October,X,1044,103
1628,18/04/2022,1110000,12000,175,4,Yes,2,2,semi-finished,Hadayek El-Ahram,X,1159,101
1629,19/04/2022,880000,14000,137,6,Yes,2,3,semi-finished,Hadayek El-Ahram,X,1579,102
1630,19/04/2022,2350000,28000,210,1,No,3,4,unfinished,Zayed,X,1714,101
1631,22/04/2022,1290000,23000,189,3,Yes,2,4,finished,Hadayek El-Ahram,X,1310,102
1632,22/04/2022,1780000,41000,191,4,Yes,3,4,semi-finished,October,Y,1314,103
1633,24/04/2022,1170000,21000,136,6,Yes,2,2,unfinished,October,Y,1452,102
1634,24/04/2022,850000,18000,148,6,Yes,1,3,unfinished,Hadayek El-Ahram,Y,1471,102
1635,24/04/2022,1310000,25000,218,1,No,4,4,semi-finished,Hadayek El-Ahram,Y,1750,102
1636,25/04/2022,1330000,13000,218,5,Yes,3,3,unfinished,Hadayek El-Ahram,X,1368,101
1637,26/04/2022,1800000,36000,218,1,Yes,4,4,unfinished,October,Y,1116,103
1638,26/04/2022,2570000,51000,236,6,No,3,3,semi-finished,Zayed,Y,1129,103
1639,26/04/2022,2060000,45000,185,4,No,2,4,finished,Zayed,Y,1656,103
1640,27/04/2022,2680000,51000,226,2,Yes,4,4,semi-finished,Zayed,X,1271,103
1641,27/04/2022,2970000,33000,260,4,Yes,4,3,finished,Zayed,Y,1392,101
1642,27/04/2022,1640000,21000,266,3,Yes,4,3,finished,Hadayek El-Ahram,Y,1557,101
1643,27/04/2022,2610000,47000,234,6,No,4,3,unfinished,Zayed,X,1836,103
1644,28/04/2022,1740000,35000,191,2,Yes,2,3,semi-finished,October,Y,1032,103
1645,28/04/2022,970000,20000,164,6,No,2,3,unfinished,Hadayek El-Ahram,Y,1128,102
1646,28/04/2022,1360000,22000,142,4,No,2,3,finished,October,X,1179,102
1647,30/04/2022,2020000,44000,167,4,Yes,2,4,finished,Zayed,X,1052,103
1648,30/04/2022,2680000,54000,230,6,Yes,4,4,unfinished,Zayed,X,1102,102
1649,30/04/2022,1460000,15000,229,3,No,3,3,finished,Hadayek El-Ahram,Y,1381,101
1650,30/04/2022,1480000,22000,157,1,Yes,2,2,finished,October,Y,1533,102
1651,30/04/2022,1370000,21000,226,6,Yes,4,4,unfinished,Hadayek El-Ahram,X,1925,102
1652,01/05/2022,1510000,32000,176,6,No,3,2,unfinished,October,Y,1290,102
1653,02/05/2022,1870000,41000,202,1,Yes,4,3,semi-finished,October,Y,1554,103
1654,04/05/2022,2010000,46000,175,5,Yes,2,4,semi-finished,Zayed,Y,1680,103
1655,04/05/2022,1700000,37000,170,5,Yes,2,2,finished,October,X,1782,103
1656,05/05/2022,1090000,23000,185,6,Yes,3,2,unfinished,Hadayek El-Ahram,X,1362,102
1657,07/05/2022,1470000,21000,162,4,No,2,2,unfinished,October,X,1502,102
1658,07/05/2022,2430000,46000,202,5,Yes,4,3,finished,Zayed,X,1977,103
1659,08/05/2022,970000,19000,175,5,No,2,2,unfinished,Hadayek El-Ahram,Y,1076,102
1660,08/05/2022,1450000,29000,151,5,Yes,2,3,semi-finished,October,X,1357,102
1661,08/05/2022,2410000,41000,216,6,Yes,4,4,unfinished,Zayed,Y,1841,102
1662,09/05/2022,1830000,26000,194,4,Yes,2,4,semi-finished,October,X,1028,101
1663,09/05/2022,870000,12000,145,1,No,2,2,unfinished,Hadayek El-Ahram,X,1234,101
1664,09/05/2022,1540000,23000,249,2,No,4,4,finished,Hadayek El-Ahram,Y,1372,101
1665,10/05/2022,2190000,33000,237,3,No,3,3,finished,October,Y,1623,102
1666,10/05/2022,1310000,18000,138,3,No,2,3,finished,October,Y,1726,102
1667,10/05/2022,2150000,32000,233,2,No,3,4,semi-finished,October,X,1965,101
1668,11/05/2022,1310000,30000,146,4,No,2,3,unfinished,October,Y,1424,103
1669,11/05/2022,2530000,30000,216,3,No,4,4,semi-finished,Zayed,X,1834,101
1670,12/05/2022,2380000,33000,273,2,No,3,3,semi-finished,October,Y,1605,101
1671,12/05/2022,2910000,38000,272,4,No,3,4,unfinished,Zayed,Y,1812,101
1672,12/05/2022,2910000,67000,238,3,Yes,3,4,semi-finished,Zayed,X,1879,103
1673,13/05/2022,1220000,20000,191,3,Yes,3,4,semi-finished,Hadayek El-Ahram,X,1119,102
1674,13/05/2022,2230000,49000,189,5,No,2,3,semi-finished,Zayed,X,1349,103
1675,14/05/2022,1380000,32000,144,1,Yes,2,2,finished,October,Y,1655,103
1676,14/05/2022,1300000,20000,146,3,Yes,1,3,semi-finished,October,Y,1668,101
1677,16/05/2022,1110000,21000,193,1,Yes,2,4,unfinished,Hadayek El-Ahram,Y,1802,102
1678,20/05/2022,1670000,38000,197,5,Yes,2,2,unfinished,October,Y,1046,103
1679,20/05/2022,840000,11000,136,6,No,2,3,unfinished,Hadayek El-Ahram,X,1295,101
1680,20/05/2022,2190000,53000,236,3,Yes,4,4,semi-finished,October,X,1338,103
1681,20/05/2022,2090000,42000,232,2,No,3,4,unfinished,October,X,1563,103
1682,21/05/2022,1700000,41000,259,6,No,4,3,finished,Hadayek El-Ahram,Y,1744,103
1683,23/05/2022,2020000,30000,172,4,Yes,3,2,semi-finished,Zayed,X,1699,102
1684,24/05/2022,3140000,35000,275,6,No,4,3,semi-finished,Zayed,Y,1236,101
1685,25/05/2022,1750000,26000,198,6,Yes,2,3,semi-finished,October,Y,1425,101
1686,25/05/2022,2370000,33000,241,1,No,4,4,finished,October,X,1695,101
1687,27/05/2022,2810000,56000,229,2,Yes,4,4,finished,Zayed,X,1875,102
1688,28/05/2022,1870000,19000,179,4,No,2,3,unfinished,Zayed,Y,1092,101
1689,29/05/2022,2590000,57000,236,1,Yes,3,3,unfinished,Zayed,Y,1949,103
1690,31/05/2022,2240000,45000,243,4,Yes,3,4,unfinished,October,X,1250,103
1691,31/05/2022,1800000,27000,275,6,Yes,3,3,semi-finished,Hadayek El-Ahram,X,1495,102
1692,01/06/2022,1390000,28000,199,1,Yes,2,3,finished,Hadayek El-Ahram,X,1488,103
1693,02/06/2022,1530000,24000,172,6,No,2,3,unfinished,October,X,1833,101
1694,03/06/2022,1460000,23000,149,6,No,1,2,finished,October,X,1950,101
1695,07/06/2022,1610000,31000,253,5,No,4,4,semi-finished,Hadayek El-Ahram,X,1523,103
1696,08/06/2022,970000,20000,149,5,Yes,1,3,finished,Hadayek El-Ahram,Y,1951,103
1697,09/06/2022,1320000,20000,222,2,No,4,3,unfinished,Hadayek El-Ahram,Y,1097,102
1698,10/06/2022,2150000,26000,171,6,No,3,3,finished,Zayed,X,1396,101
1699,10/06/2022,3040000,36000,255,2,No,4,4,semi-finished,Zayed,X,1966,101
1700,11/06/2022,1940000,33000,162,2,Yes,2,4,semi-finished,Zayed,X,1131,102
1701,11/06/2022,1630000,33000,135,3,Yes,1,3,semi-finished,Zayed,X,1633,103
1702,12/06/2022,1910000,31000,189,4,Yes,3,2,semi-finished,October,X,1761,102
1703,13/06/2022,930000,19000,140,1,No,2,2,finished,Hadayek El-Ahram,X,1625,103
1704,13/06/2022,2640000,45000,225,3,Yes,4,3,semi-finished,Zayed,Y,1995,102
1705,15/06/2022,2000000,40000,216,1,No,3,4,semi-finished,October,X,1283,102
1706,15/06/2022,1840000,31000,154,1,No,2,4,semi-finished,Zayed,X,1616,102
1707,16/06/2022,1960000,45000,192,1,Yes,3,3,finished,October,X,1615,103
1708,17/06/2022,1000000,17000,147,4,Yes,2,3,finished,Hadayek El-Ahram,Y,1664,102
1709,17/06/2022,1590000,16000,160,5,No,3,4,semi-finished,October,X,1948,101
1710,20/06/2022,1600000,32000,269,1,No,4,4,semi-finished,Hadayek El-Ahram,Y,1291,102
1711,20/06/2022,1220000,24000,200,4,Yes,2,2,unfinished,Hadayek El-Ahram,X,1304,103
1712,20/06/2022,1240000,30000,193,3,Yes,2,2,semi-finished,Hadayek El-Ahram,X,1487,103
1713,21/06/2022,2520000,48000,270,3,Yes,3,4,unfinished,October,X,1622,102
1714,22/06/2022,1610000,23000,183,2,No,3,4,unfinished,October,Y,1568,102
1715,23/06/2022,1990000,26000,208,4,Yes,3,3,unfinished,October,X,1225,101
1716,23/06/2022,1030000,22000,154,1,Yes,2,3,unfinished,Hadayek El-Ahram,X,1253,103
1717,23/06/2022,1510000,26000,237,4,No,4,3,semi-finished,Hadayek El-Ahram,X,1431,101
1718,25/06/2022,1920000,38000,168,5,No,3,2,semi-finished,Zayed,Y,1298,102
1719,25/06/2022,2460000,52000,208,3,Yes,4,3,unfinished,Zayed,X,1850,103
1720,26/06/2022,1540000,18000,159,5,No,2,2,finished,October,Y,1173,101
1721,26/06/2022,1960000,41000,160,1,No,2,3,finished,Zayed,X,1665,103
1722,26/06/2022,1590000,24000,155,5,No,2,4,finished,October,X,1727,102
1723,27/06/2022,2020000,34000,211,5,No,3,4,finished,October,Y,1592,102
1724,27/06/2022,1780000,37000,180,5,No,2,2,finished,October,X,1963,103
1725,28/06/2022,1820000,42000,204,2,Yes,3,4,semi-finished,October,Y,1576,103
1726,28/06/2022,2560000,41000,208,2,Yes,4,4,semi-finished,Zayed,X,1657,102
1727,29/06/2022,2190000,39000,182,6,No,3,4,semi-finished,Zayed,X,1612,103
1728,01/07/2022,1300000,21000,147,3,No,2,2,semi-finished,October,Y,1195,102
1729,01/07/2022,970000,16000,150,3,No,1,2,finished,Hadayek El-Ahram,Y,1256,101
1730,01/07/2022,1300000,26000,179,5,No,2,4,finished,Hadayek El-Ahram,X,1541,103
1731,01/07/2022,1860000,39000,162,1,Yes,2,2,unfinished,Zayed,X,1764,102
1732,02/07/2022,2310000,39000,250,2,Yes,4,3,semi-finished,October,Y,1438,102
1733,02/07/2022,1540000,31000,258,6,No,4,4,unfinished,Hadayek El-Ahram,Y,1766,102
1734,02/07/2022,2030000,35000,213,3,Yes,3,3,unfinished,October,X,1795,102
1735,02/07/2022,2220000,36000,191,3,No,2,4,semi-finished,Zayed,Y,1838,102
1736,03/07/2022,2430000,32000,207,1,No,3,3,semi-finished,Zayed,X,1305,101
1737,04/07/2022,1930000,29000,196,1,Yes,3,3,semi-finished,October,X,1200,101
1738,04/07/2022,2050000,25000,211,1,Yes,3,4,finished,October,Y,1722,101
1739,05/07/2022,1000000,19000,171,5,No,2,3,unfinished,Hadayek El-Ahram,Y,1093,103
1740,05/07/2022,1570000,36000,170,3,No,3,2,semi-finished,October,Y,1705,103
1741,06/07/2022,1550000,19000,157,1,No,3,4,finished,October,Y,1312,101
1742,06/07/2022,1220000,29000,189,2,No,3,3,semi-finished,Hadayek El-Ahram,Y,1718,103
1743,07/07/2022,1820000,27000,189,4,No,3,4,semi-finished,October,X,1193,102
1744,07/07/2022,1580000,22000,246,2,No,3,4,semi-finished,Hadayek El-Ahram,X,1346,102
1745,07/07/2022,1820000,46000,175,2,Yes,3,2,finished,October,X,1613,103
1746,08/07/2022,1060000,24000,148,3,Yes,2,3,finished,Hadayek El-Ahram,X,1064,103
1747,08/07/2022,1280000,27000,196,1,Yes,2,3,semi-finished,Hadayek El-Ahram,X,1626,102
1748,08/07/2022,3190000,35000,273,3,No,3,4,unfinished,Zayed,X,1642,101
1749,09/07/2022,1900000,36000,180,4,Yes,2,4,finished,October,X,1145,103
1750,09/07/2022,2320000,46000,256,5,No,4,3,semi-finished,October,Y,1387,102
1751,09/07/2022,2620000,47000,247,1,Yes,4,4,finished,October,X,1683,102
1752,10/07/2022,1470000,32000,233,5,No,3,3,semi-finished,Hadayek El-Ahram,Y,1257,103
1753,11/07/2022,1390000,25000,236,2,No,4,4,unfinished,Hadayek El-Ahram,Y,1278,102
1754,11/07/2022,1010000,24000,175,1,No,2,2,unfinished,Hadayek El-Ahram,Y,1442,103
1755,12/07/2022,1590000,30000,161,5,No,3,4,finished,October,Y,1231,102
1756,12/07/2022,1790000,36000,143,1,No,2,2,finished,Zayed,X,1620,102
1757,14/07/2022,910000,13000,142,3,No,2,3,semi-finished,Hadayek El-Ahram,Y,1163,101
1758,14/07/2022,1230000,20000,199,4,No,2,2,unfinished,Hadayek El-Ahram,X,1341,101
1759,15/07/2022,2740000,58000,232,4,Yes,4,3,semi-finished,Zayed,Y,1957,103
1760,16/07/2022,1280000,29000,217,5,No,3,4,unfinished,Hadayek El-Ahram,Y,1684,103
1761,17/07/2022,1940000,19000,165,6,No,2,3,finished,Zayed,Y,1281,101
1762,18/07/2022,2550000,59000,270,5,Yes,4,4,unfinished,October,X,1603,103
1763,18/07/2022,1140000,23000,177,2,No,2,4,unfinished,Hadayek El-Ahram,X,1688,103
1764,19/07/2022,2250000,38000,232,1,No,3,4,semi-finished,October,X,1917,102
1765,20/07/2022,2010000,24000,173,6,Yes,3,2,unfinished,Zayed,Y,1468,101
1766,21/07/2022,2840000,65000,240,2,Yes,3,3,unfinished,Zayed,X,1079,103
1767,22/07/2022,1500000,29000,151,2,No,2,2,semi-finished,October,X,1161,103
1768,23/07/2022,1210000,19000,177,4,Yes,3,4,semi-finished,Hadayek El-Ahram,X,1134,101
1769,25/07/2022,1890000,30000,164,5,Yes,2,2,unfinished,Zayed,Y,1610,101
1770,26/07/2022,2880000,40000,223,1,Yes,4,4,finished,Zayed,X,1311,102
1771,26/07/2022,1550000,37000,236,3,Yes,4,4,unfinished,Hadayek El-Ahram,X,1544,103
1772,26/07/2022,1080000,19000,172,1,No,3,4,unfinished,Hadayek El-Ahram,X,1758,103
1773,28/07/2022,2100000,32000,220,6,No,3,3,finished,October,Y,1268,102
1774,28/07/2022,1700000,34000,146,1,No,1,3,semi-finished,Zayed,Y,1746,102
1775,28/07/2022,1330000,28000,208,4,No,4,4,unfinished,Hadayek El-Ahram,X,1987,103
1776,31/07/2022,1070000,15000,170,3,Yes,3,3,unfinished,Hadayek El-Ahram,X,1546,101
1777,31/07/2022,910000,15000,149,6,No,2,3,unfinished,Hadayek El-Ahram,Y,1643,102
1778,02/08/2022,2080000,37000,224,4,No,3,4,unfinished,October,X,1274,103
1779,03/08/2022,2340000,33000,255,3,Yes,3,4,unfinished,October,Y,1911,102
1780,04/08/2022,1020000,16000,143,6,Yes,1,3,finished,Hadayek El-Ahram,Y,1280,101
1781,04/08/2022,1520000,21000,225,1,No,3,3,semi-finished,Hadayek El-Ahram,X,1934,101
1782,05/08/2022,2870000,63000,243,5,No,4,4,semi-finished,Zayed,Y,1219,103
1783,07/08/2022,2760000,39000,233,5,No,4,3,semi-finished,Zayed,Y,1238,102
1784,07/08/2022,1170000,22000,173,3,No,2,4,semi-finished,Hadayek El-Ahram,X,1401,103
1785,08/08/2022,2270000,36000,247,1,No,3,3,semi-finished,October,Y,1228,102
1786,08/08/2022,1750000,40000,181,4,Yes,3,3,unfinished,October,X,1330,103
1787,09/08/2022,2330000,30000,198,6,No,3,4,semi-finished,Zayed,Y,1536,101
1788,09/08/2022,1830000,29000,149,2,No,1,3,semi-finished,Zayed,X,1696,102
1789,09/08/2022,1620000,28000,162,5,Yes,3,4,unfinished,October,X,1829,101
1790,10/08/2022,1180000,27000,190,5,Yes,3,2,semi-finished,Hadayek El-Ahram,Y,1299,103
1791,11/08/2022,2220000,44000,165,3,Yes,2,4,finished,Zayed,X,1385,103
1792,11/08/2022,3170000,63000,262,1,Yes,3,3,unfinished,Zayed,X,1878,103
1793,12/08/2022,2020000,22000,193,4,Yes,2,4,finished,October,Y,1123,101
1794,12/08/2022,1770000,44000,151,6,No,2,3,finished,Zayed,Y,1464,103
1795,12/08/2022,2090000,23000,227,3,No,4,4,unfinished,October,Y,1913,101
1796,14/08/2022,3180000,67000,244,6,No,4,4,finished,Zayed,X,1166,103
1797,14/08/2022,2800000,45000,223,6,Yes,3,4,semi-finished,Zayed,X,1371,101
1798,14/08/2022,1210000,13000,169,2,Yes,2,4,semi-finished,Hadayek El-Ahram,X,1560,101
1799,14/08/2022,2520000,38000,211,3,No,4,3,semi-finished,Zayed,Y,1632,101
1800,15/08/2022,1560000,37000,230,6,No,4,4,finished,Hadayek El-Ahram,Y,1799,103
1801,16/08/2022,1810000,29000,138,1,Yes,1,3,semi-finished,Zayed,X,1202,101
1802,16/08/2022,1280000,15000,202,1,No,3,4,semi-finished,Hadayek El-Ahram,Y,1807,101
1803,16/08/2022,1920000,40000,205,5,No,3,3,semi-finished,October,Y,1938,103
1804,17/08/2022,1930000,29000,196,6,No,3,3,unfinished,October,X,1376,102
1805,17/08/2022,1500000,30000,162,4,Yes,3,3,unfinished,October,Y,1390,102
1806,17/08/2022,2680000,46000,222,2,Yes,4,4,unfinished,Zayed,Y,1791,101
1807,18/08/2022,2060000,31000,215,3,Yes,3,4,semi-finished,October,Y,1287,102
1808,18/08/2022,1540000,23000,220,5,Yes,4,3,finished,Hadayek El-Ahram,Y,1352,102
1809,18/08/2022,1370000,14000,135,1,No,1,2,finished,October,Y,1860,101
1810,19/08/2022,1740000,35000,168,4,No,2,4,finished,October,X,1753,103
1811,23/08/2022,1830000,31000,189,5,No,3,3,unfinished,October,X,1029,102
1812,23/08/2022,2050000,39000,204,2,Yes,3,4,unfinished,October,X,1181,102
1813,25/08/2022,1780000,18000,257,4,Yes,3,4,finished,Hadayek El-Ahram,Y,1006,101
1814,25/08/2022,1180000,24000,183,6,No,3,3,semi-finished,Hadayek El-Ahram,Y,1284,102
1815,25/08/2022,1800000,38000,149,1,No,2,2,semi-finished,Zayed,Y,1353,103
1816,25/08/2022,2390000,50000,256,4,No,3,4,semi-finished,October,Y,1663,103
1817,26/08/2022,2970000,53000,222,2,Yes,4,3,finished,Zayed,X,1196,102
1818,27/08/2022,3160000,51000,264,6,Yes,3,4,finished,Zayed,Y,1009,101
1819,29/08/2022,1640000,26000,256,5,No,3,4,unfinished,Hadayek El-Ahram,X,1005,101
1820,30/08/2022,2240000,34000,187,3,No,2,4,semi-finished,Zayed,Y,1329,102
1821,30/08/2022,1770000,18000,192,1,No,2,2,semi-finished,October,Y,1434,101
1822,31/08/2022,2500000,35000,206,4,No,4,3,unfinished,Zayed,X,1697,102
1823,02/09/2022,1020000,17000,163,1,Yes,2,2,unfinished,Hadayek El-Ahram,X,1380,102
1824,04/09/2022,1830000,24000,251,4,No,4,3,finished,Hadayek El-Ahram,X,1492,101
1825,05/09/2022,1690000,35000,185,1,No,3,2,semi-finished,October,Y,1331,103
1826,05/09/2022,2350000,26000,192,4,No,3,2,semi-finished,Zayed,X,1749,101
1827,06/09/2022,1240000,21000,168,4,Yes,3,2,finished,Hadayek El-Ahram,X,1259,102
1828,07/09/2022,1540000,25000,147,2,No,1,3,finished,October,X,1125,102
1829,08/09/2022,2150000,49000,218,4,No,4,4,unfinished,October,X,1365,103
1830,10/09/2022,2630000,50000,212,1,Yes,4,4,semi-finished,Zayed,Y,1229,102
1831,11/09/2022,1820000,33000,177,4,No,3,2,finished,October,X,1232,103
1832,11/09/2022,2290000,55000,187,5,Yes,3,2,semi-finished,Zayed,Y,1399,103
1833,12/09/2022,1360000,16000,224,3,No,4,4,unfinished,Hadayek El-Ahram,Y,1263,101
1834,12/09/2022,1600000,19000,269,6,Yes,4,4,unfinished,Hadayek El-Ahram,Y,1757,101
1835,15/09/2022,2830000,42000,237,6,No,4,3,unfinished,Zayed,X,1374,101
1836,15/09/2022,1640000,25000,258,1,No,3,4,unfinished,Hadayek El-Ahram,X,1706,102
1837,15/09/2022,1490000,25000,146,3,No,2,2,finished,October,Y,1788,102
1838,16/09/2022,1780000,18000,177,3,No,2,4,semi-finished,October,X,1185,101
1839,16/09/2022,2460000,42000,254,3,No,3,3,unfinished,October,X,1241,102
1840,17/09/2022,1820000,31000,267,4,Yes,3,3,unfinished,Hadayek El-Ahram,X,1098,101
1841,17/09/2022,3480000,59000,274,6,Yes,4,4,semi-finished,Zayed,X,1356,101
1842,18/09/2022,3390000,81000,257,2,Yes,4,4,semi-finished,Zayed,X,1719,103
1843,19/09/2022,1930000,39000,150,3,No,2,2,semi-finished,Zayed,X,1070,103
1844,22/09/2022,2350000,52000,232,3,Yes,3,3,unfinished,October,X,1285,103
1845,22/09/2022,2370000,26000,243,3,No,3,3,unfinished,October,X,1824,101
1846,24/09/2022,1810000,40000,147,3,No,2,2,finished,Zayed,Y,1045,103
1847,25/09/2022,2000000,40000,155,2,No,3,3,semi-finished,Zayed,X,1169,102
1848,26/09/2022,1030000,19000,160,6,No,3,4,unfinished,Hadayek El-Ahram,Y,1068,103
1849,26/09/2022,1520000,35000,147,5,No,1,2,finished,October,X,1177,103
1850,26/09/2022,1930000,41000,152,3,Yes,3,2,semi-finished,Zayed,Y,1402,103
1851,26/09/2022,890000,17000,135,3,Yes,2,3,unfinished,Hadayek El-Ahram,X,1652,103
1852,27/09/2022,1230000,17000,172,2,Yes,2,3,finished,Hadayek El-Ahram,X,1174,101
1853,27/09/2022,1300000,30000,140,1,No,1,2,unfinished,October,Y,1218,103
1854,27/09/2022,3050000,61000,233,3,Yes,4,4,semi-finished,Zayed,X,1432,102
1855,27/09/2022,3050000,40000,234,1,No,3,4,finished,Zayed,X,1565,101
1856,27/09/2022,2970000,59000,235,5,No,4,3,semi-finished,Zayed,X,1673,102
1857,28/09/2022,1540000,32000,232,1,No,4,3,semi-finished,Hadayek El-Ahram,X,1589,103
1858,28/09/2022,1430000,31000,202,3,No,3,3,finished,Hadayek El-Ahram,Y,1621,103
1859,29/09/2022,1710000,32000,169,1,Yes,2,4,semi-finished,October,X,1723,103
1860,29/09/2022,1520000,23000,159,5,Yes,3,2,unfinished,October,Y,1826,102
1861,30/09/2022,1990000,40000,209,2,Yes,4,4,semi-finished,October,Y,1021,103
1862,02/10/2022,2120000,45000,220,1,No,3,3,semi-finished,October,Y,1358,103
1863,02/10/2022,2060000,37000,176,5,No,2,4,unfinished,Zayed,Y,1581,103
1864,02/10/2022,1740000,30000,160,3,Yes,3,4,finished,October,X,1815,102
1865,04/10/2022,2090000,40000,160,3,Yes,3,4,finished,Zayed,Y,1408,103
1866,04/10/2022,1070000,21000,173,5,No,3,4,unfinished,Hadayek El-Ahram,Y,1518,103
1867,04/10/2022,2640000,55000,206,3,No,3,4,semi-finished,Zayed,X,1659,103
1868,05/10/2022,1050000,18000,153,4,No,2,2,finished,Hadayek El-Ahram,Y,1596,101
1869,06/10/2022,1540000,20000,232,5,Yes,3,3,semi-finished,Hadayek El-Ahram,Y,1162,101
1870,07/10/2022,3080000,71000,239,6,Yes,4,4,finished,Zayed,X,1635,103
1871,07/10/2022,2140000,34000,177,4,Yes,2,4,semi-finished,Zayed,Y,1891,102
1872,09/10/2022,1370000,21000,141,3,Yes,1,3,unfinished,October,Y,1325,101
1873,09/10/2022,1750000,39000,270,5,No,3,4,unfinished,Hadayek El-Ahram,Y,1379,103
1874,09/10/2022,1980000,22000,159,1,No,3,2,unfinished,Zayed,X,1587,101
1875,10/10/2022,1510000,20000,150,3,No,2,2,unfinished,October,X,1769,101
1876,10/10/2022,1920000,44000,190,5,No,2,2,finished,October,Y,1832,103
1877,13/10/2022,1680000,29000,171,1,No,2,3,finished,October,Y,1817,101
1878,13/10/2022,2650000,45000,203,5,Yes,3,4,semi-finished,Zayed,X,1929,101
1879,14/10/2022,1280000,26000,188,4,No,2,4,finished,Hadayek El-Ahram,Y,1055,103
1880,14/10/2022,1280000,20000,183,2,Yes,2,2,finished,Hadayek El-Ahram,Y,1484,102
1881,15/10/2022,1740000,33000,170,1,Yes,3,4,finished,October,Y,1543,103
1882,17/10/2022,1150000,13000,159,6,Yes,2,3,finished,Hadayek El-Ahram,Y,1570,101
1883,18/10/2022,1870000,43000,148,4,Yes,1,2,semi-finished,Zayed,Y,1627,103
1884,20/10/2022,2200000,22000,212,2,No,3,3,finished,October,Y,1984,101
1885,24/10/2022,1820000,31000,248,6,No,3,3,finished,Hadayek El-Ahram,X,1221,101
1886,24/10/2022,2240000,36000,239,1,No,4,4,unfinished,October,Y,1262,102
1887,25/10/2022,1960000,20000,274,6,Yes,4,4,finished,Hadayek El-Ahram,X,1258,101
1888,25/10/2022,2290000,27000,187,1,No,3,4,unfinished,Zayed,Y,1571,101
1889,26/10/2022,1880000,38000,152,5,Yes,3,4,semi-finished,Zayed,Y,1375,103
1890,26/10/2022,3120000,56000,262,6,Yes,3,4,unfinished,Zayed,Y,1467,103
1891,27/10/2022,1800000,38000,275,2,No,3,3,semi-finished,Hadayek El-Ahram,Y,1132,103
1892,27/10/2022,1810000,31000,143,4,Yes,1,3,semi-finished,Zayed,Y,1555,102
1893,27/10/2022,2560000,38000,230,3,Yes,3,3,finished,October,X,1805,102
1894,28/10/2022,1800000,40000,193,1,No,3,4,unfinished,October,Y,1547,103
1895,28/10/2022,1660000,33000,227,2,Yes,3,4,finished,Hadayek El-Ahram,X,1674,102
1896,28/10/2022,1600000,21000,153,1,No,2,3,semi-finished,October,X,1703,101
1897,29/10/2022,2200000,37000,167,2,No,3,3,semi-finished,Zayed,X,1421,101
1898,30/10/2022,1420000,20000,152,3,No,3,2,unfinished,October,Y,1351,101
1899,30/10/2022,1300000,18000,204,5,Yes,3,3,unfinished,Hadayek El-Ahram,Y,1364,101
1900,30/10/2022,2310000,37000,189,4,Yes,2,2,unfinished,Zayed,Y,1862,102
1901,01/11/2022,2100000,34000,217,3,No,3,3,unfinished,October,Y,1449,101
1902,01/11/2022,2540000,43000,246,6,Yes,4,4,finished,October,Y,1601,102
1903,01/11/2022,2020000,30000,159,2,No,3,4,semi-finished,Zayed,Y,1751,101
1904,02/11/2022,1960000,43000,187,3,No,3,2,finished,October,X,1578,103
1905,03/11/2022,2360000,24000,239,1,No,4,3,unfinished,October,Y,1336,101
1906,03/11/2022,1150000,15000,160,3,No,3,2,semi-finished,Hadayek El-Ahram,X,1419,101
1907,04/11/2022,2190000,46000,202,1,No,3,3,finished,October,Y,1197,103
1908,05/11/2022,970000,17000,145,2,No,2,2,semi-finished,Hadayek El-Ahram,Y,1636,102
1909,07/11/2022,2450000,27000,251,3,Yes,4,4,unfinished,October,Y,1868,101
1910,08/11/2022,1780000,30000,241,6,Yes,4,4,finished,Hadayek El-Ahram,X,1190,102
1911,09/11/2022,1800000,27000,185,6,No,3,3,unfinished,October,Y,1564,101
1912,10/11/2022,1560000,30000,258,5,No,4,4,unfinished,Hadayek El-Ahram,Y,1667,102
1913,12/11/2022,1610000,19000,155,5,Yes,2,4,finished,October,Y,1104,101
1914,13/11/2022,1830000,38000,251,1,Yes,3,3,finished,Hadayek El-Ahram,X,1143,102
1915,13/11/2022,2370000,40000,203,2,Yes,3,3,unfinished,Zayed,Y,1907,101
1916,13/11/2022,2150000,39000,208,2,No,3,3,finished,October,Y,1968,102
1917,14/11/2022,3010000,36000,243,4,No,4,3,finished,Zayed,Y,1503,101
1918,14/11/2022,1660000,33000,235,1,Yes,4,4,semi-finished,Hadayek El-Ahram,X,1630,102
1919,15/11/2022,1180000,13000,185,6,No,3,3,unfinished,Hadayek El-Ahram,Y,1306,101
1920,16/11/2022,1420000,16000,211,2,Yes,4,4,unfinished,Hadayek El-Ahram,X,1108,101
1921,16/11/2022,2160000,37000,214,4,No,3,4,finished,October,Y,1113,102
1922,16/11/2022,1700000,29000,224,5,Yes,4,3,semi-finished,Hadayek El-Ahram,X,1208,101
1923,17/11/2022,1410000,30000,188,6,Yes,2,3,finished,Hadayek El-Ahram,X,1773,103
1924,17/11/2022,1500000,27000,149,2,Yes,2,2,unfinished,October,X,1839,103
1925,17/11/2022,2950000,35000,237,5,No,4,4,unfinished,Zayed,X,1842,101
1926,17/11/2022,1260000,24000,182,6,No,3,3,semi-finished,Hadayek El-Ahram,X,1855,103
1927,19/11/2022,1720000,34000,142,3,Yes,1,2,unfinished,Zayed,Y,1692,103
1928,21/11/2022,1610000,39000,231,5,No,3,3,semi-finished,Hadayek El-Ahram,Y,1953,103
1929,22/11/2022,1330000,29000,191,2,No,3,2,semi-finished,Hadayek El-Ahram,Y,1884,103
1930,24/11/2022,1700000,32000,232,5,No,4,3,semi-finished,Hadayek El-Ahram,X,1084,103
1931,24/11/2022,1350000,16000,203,5,No,3,4,unfinished,Hadayek El-Ahram,X,1319,101
1932,24/11/2022,1830000,33000,147,5,Yes,2,3,unfinished,Zayed,Y,1454,102
1933,24/11/2022,1600000,21000,152,6,Yes,2,2,semi-finished,October,X,1892,101
1934,24/11/2022,1990000,36000,199,5,Yes,3,2,unfinished,October,Y,1975,102
1935,24/11/2022,2610000,39000,254,3,Yes,3,4,unfinished,October,X,1983,102
1936,25/11/2022,1550000,33000,138,2,Yes,1,3,semi-finished,October,X,1286,103
1937,26/11/2022,2790000,45000,250,3,Yes,4,3,finished,October,Y,1272,102
1938,26/11/2022,2770000,58000,202,4,No,3,4,finished,Zayed,X,1300,103
1939,26/11/2022,3180000,51000,245,2,Yes,3,3,finished,Zayed,Y,1992,102
1940,27/11/2022,2760000,33000,195,6,Yes,2,4,finished,Zayed,X,1222,101
1941,27/11/2022,2630000,39000,256,5,No,4,4,unfinished,October,X,1423,102
1942,27/11/2022,1500000,15000,155,3,No,2,3,semi-finished,October,Y,1600,101
1943,27/11/2022,2580000,28000,260,5,Yes,3,3,semi-finished,October,Y,1939,101
1944,28/11/2022,1550000,22000,146,2,Yes,1,2,semi-finished,October,Y,1982,101
1945,29/11/2022,2120000,34000,157,6,No,2,2,semi-finished,Zayed,X,1094,102
1946,29/11/2022,1830000,29000,166,4,No,3,4,finished,October,X,1343,102
1947,29/11/2022,1800000,20000,179,2,No,2,3,semi-finished,October,Y,1848,101
1948,29/11/2022,2200000,40000,171,2,Yes,3,2,unfinished,Zayed,X,1920,102
1949,29/11/2022,1140000,18000,162,2,Yes,2,3,unfinished,Hadayek El-Ahram,X,1973,101
1950,30/11/2022,2180000,41000,211,6,No,3,4,semi-finished,October,Y,1716,103
1951,30/11/2022,2840000,40000,223,3,Yes,4,4,semi-finished,Zayed,Y,1777,101
1952,03/12/2022,2480000,27000,234,5,No,3,4,semi-finished,October,X,1267,101
1953,03/12/2022,1800000,25000,271,1,Yes,4,4,semi-finished,Hadayek El-Ahram,Y,1711,101
1954,03/12/2022,3220000,64000,242,5,Yes,4,4,semi-finished,Zayed,X,1918,102
1955,05/12/2022,1260000,26000,195,4,Yes,2,3,unfinished,Hadayek El-Ahram,Y,1725,102
1956,06/12/2022,1590000,27000,141,1,No,2,2,finished,October,X,1051,102
1957,06/12/2022,3490000,52000,262,3,Yes,3,3,finished,Zayed,X,1339,101
1958,07/12/2022,1020000,15000,138,3,Yes,1,3,finished,Hadayek El-Ahram,Y,1960,101
1959,08/12/2022,2850000,66000,235,6,Yes,4,4,unfinished,Zayed,Y,1144,103
1960,09/12/2022,2060000,41000,274,1,No,3,4,finished,Hadayek El-Ahram,X,1016,102
1961,09/12/2022,1890000,23000,184,1,No,2,2,unfinished,October,X,1444,101
1962,09/12/2022,2940000,59000,220,2,Yes,4,3,semi-finished,Zayed,X,1921,102
1963,10/12/2022,2830000,54000,221,4,No,3,4,unfinished,Zayed,X,1240,103
1964,10/12/2022,2600000,52000,238,2,Yes,3,3,finished,October,X,1458,103
1965,10/12/2022,1650000,23000,236,4,Yes,3,3,unfinished,Hadayek El-Ahram,X,1910,101
1966,11/12/2022,1170000,29000,143,5,Yes,1,3,finished,Hadayek El-Ahram,X,1175,103
1967,11/12/2022,1480000,34000,198,4,No,2,4,finished,Hadayek El-Ahram,X,1413,103
1968,12/12/2022,3450000,72000,267,5,No,3,3,unfinished,Zayed,X,1551,103
1969,13/12/2022,3090000,53000,229,4,Yes,3,3,semi-finished,Zayed,X,1681,101
1970,14/12/2022,2290000,44000,169,2,No,2,4,finished,Zayed,X,1437,102
1971,14/12/2022,1080000,21000,155,1,Yes,3,3,unfinished,Hadayek El-Ahram,Y,1604,102
1972,14/12/2022,2270000,34000,211,2,Yes,4,4,semi-finished,October,X,1609,102
1973,16/12/2022,2610000,29000,253,6,Yes,4,4,semi-finished,October,Y,1427,101
1974,18/12/2022,3410000,65000,273,6,Yes,4,3,semi-finished,Zayed,Y,1224,103
1975,18/12/2022,1510000,29000,213,3,Yes,3,3,unfinished,Hadayek El-Ahram,X,1550,102
1976,18/12/2022,1620000,23000,150,1,Yes,2,2,semi-finished,October,X,1991,102
1977,19/12/2022,1870000,34000,269,3,Yes,4,3,semi-finished,Hadayek El-Ahram,Y,1150,103
1978,19/12/2022,2500000,35000,201,4,No,3,3,unfinished,Zayed,Y,1959,102
1979,19/12/2022,2590000,39000,188,1,No,2,3,finished,Zayed,X,1967,102
1980,20/12/2022,980000,16000,141,2,Yes,2,3,unfinished,Hadayek El-Ahram,X,1297,102
1981,20/12/2022,1410000,14000,191,3,No,3,3,finished,Hadayek El-Ahram,X,1486,101
1982,21/12/2022,2420000,39000,223,5,Yes,3,4,semi-finished,October,X,1669,102
1983,21/12/2022,3560000,75000,274,6,No,3,4,finished,Zayed,Y,1679,103
1984,21/12/2022,1510000,29000,228,1,No,4,4,unfinished,Hadayek El-Ahram,Y,1682,103
1985,22/12/2022,2340000,54000,231,4,Yes,3,3,unfinished,October,Y,1607,103
1986,24/12/2022,1770000,34000,269,3,No,3,4,semi-finished,Hadayek El-Ahram,Y,1525,102
1987,26/12/2022,1950000,23000,179,2,Yes,3,4,semi-finished,October,Y,1122,101
1988,26/12/2022,1260000,30000,179,3,No,3,2,finished,Hadayek El-Ahram,Y,1497,103
1989,26/12/2022,1010000,19000,137,2,Yes,2,3,finished,Hadayek El-Ahram,Y,1789,102
1990,28/12/2022,2320000,42000,199,1,No,3,4,finished,October,X,1628,103
1991,28/12/2022,1500000,32000,192,3,No,2,4,finished,Hadayek El-Ahram,X,1649,103
1992,29/12/2022,1810000,33000,250,6,Yes,3,4,finished,Hadayek El-Ahram,Y,1147,103
1993,29/12/2022,2080000,44000,156,5,No,3,3,finished,Zayed,Y,1348,103
1994,29/12/2022,1910000,44000,153,3,Yes,2,3,semi-finished,Zayed,Y,1404,103
1995,30/12/2022,1710000,29000,252,6,Yes,3,3,unfinished,Hadayek El-Ahram,Y,1127,101
1996,30/12/2022,1420000,18000,182,5,Yes,2,3,finished,Hadayek El-Ahram,X,1184,101
1997,30/12/2022,2280000,27000,222,1,No,3,4,finished,October,Y,1465,101
1998,30/12/2022,2810000,42000,217,5,Yes,3,4,unfinished,Zayed,X,1477,101
1999,30/12/2022,1880000,32000,269,2,Yes,3,3,semi-finished,Hadayek El-Ahram,Y,1768,102
